sku	color	size	brand	image_file_name
1005-PNK/BLK(10OZ)	Rosa	10OZ	TKO	1005-PNK-BLK(10OZ).jpg
1005-PNK/BLK(12OZ)	Rosa	12OZ	TKO	1005-PNK-BLK(12OZ).jpg
1005D-BLUE/BLK(12OZ)	Azul, Negro	12OZ	DURAN	1005D-BLUE-BLK.jpg
1005D-BLUE/BLK(16OZ)	BLUE	BLK(16OZ)	DURAN	1005D-BLUE-BLK.jpg
1005D-PNK/BLK(14OZ)	Rosa, Negro	14OZ	DURAN	1005D-PINK-BLK.jpg
1854D/BLK	Negro		DURAN	1854D-BLK.jpg
1917/L-CANVAS	Negro	120X35CM	TKO	1917-L-CANVAS.jpg
1917/M-CANVAS	Negro	100X35CM	TKO	1917-M-CANVAS.jpg
1917/M-CANVAS PNK	Rosa	100X35CM	TKO	1917-M-CANVAS PINK.jpg
1917/XL-CANVAS	Negro	150X35CM	TKO	1917-XL-CANVAS.jpg
1917D/L-CANVAS	Negro	100X35CM	DURAN	1917D-L-CANVAS.jpg
1917D/M-CANVAS	Negro	100X35CM	DURAN	1917D-M-CANVAS.jpg
1917D/M-CANVAS PNK	Rosa	100X35CM	DURAN	1917D-M-CANVAS PINK.jpg
1917D/XL-CANVAS	Negro	150X35CM	DURAN	1917D-XL-CANVAS.jpg
3007RED(14OZ)			TKO	3007RED(14OZ).jpg
3016D BLUE(10OZ)	Azul	10OZ	DURAN	3016D BLUE.jpg
3016D RED(10OZ)			DURAN	3016D RED.jpg
3022D-BLACK	Negro		DURAN	3022D-BLACK.jpg
3036			TKO	3036.JPG
3045 RED/BLACK			TKO	3045 RED-BLACK.jpg
3064LEATHER			TKO	3064LEATHER.jpg
3066PU	Negro	M	TKO	3066PU.jpg
3122PU BLACK	Negro		TKO	3122PU BLACK.jpg
3122PU BLUE	Azul		TKO	3122PU BLUE.jpg
3122PU RED	Rojo		TKO	3122PU RED.jpg
3125/BLUE	Azul		TKO	3125-BLUE.JPG
3125/RED	Rojo		TKO	3125-RED.jpg
3127BLK(L)			TKO	3127BLK(L).jpg
3145 RED(6OZ)			TKO	3145 RED(6OZ).jpg
3173 CANVAS	Negro	120X35CM	TKO	3173 CANVAS.jpg
3173/L-CANVAS CAMO	Camuflajiado	120X35CM	TKO	3173-L-CANVAS CAMO.jpg
3173D CANVAS	Negro	120X35CM	DURAN	3173D CANVAS.jpg
3173D PVC	Negro	120X35CM	DURAN	3173D PVC.jpg
3173D/L-CANVAS CAMO	Camuflagiado	120X35CM	DURAN	3173D-L-CANVAS CAMO.jpg
3173PVC	Negro	120X35CM	TKO	3173PVC.jpg
3174 CANVAS	Negro	100X35CM	TKO	3174 CANVAS.jpg
3174/M-CANVAS CAMO	Camuflajiado	100X35CM	TKO	3174-M-CANVAS CAMO.jpg
3174D CANVAS	Negro	100X35CM	DURAN	3174D CANVAS.jpg
3174D PVC	Negro	100X35CM	DURAN	3174D PVC.jpg
3174D/M-CANVAS CAMO	Camuflagiado	100X35CM	DURAN	3174D-M-CANVAS CAMO.jpg
3174PVC	Negro	100X35CM	TKO	3174PVC.jpg
3185 CANVAS	Negro	60X30	TKO	3185 CANVAS.jpg
3185D CANVAS	Negro	60X30	DURAN	3185D CANVAS.jpg
3222(5)			TKO	3222(5).jpg
3382 BLK	Negro	4M	TKO	3382 BLK.jpg
3382 NEON/YEL	Neon, Amarillo	4M	TKO	3382 NEON-YEL.jpg
3382 PINK	Rosa	4M	TKO	3382 PINK.jpg
3382D BLK			DURAN	3382D BLK.jpg
3382D PINK	Rosa	4M	DURAN	3382D PINK.jpg
3383	Plastico		TKO	3383.jpg
3383 NEON/GREEN	Neon, Verde		TKO	3383NEON-GREEN.jpg
3383 NEON/ORG	Neon, Naranja		TKO	3383NEON-ORG.jpg
3383 NEON/YEL	Neon, Amarillo		TKO	3383NEON-YEL.jpg
3383D	Plastico		DURAN	3383D.jpg
3383D NEON/ORG	Neon, Naranja		DURAN	3383D NEON-ORG.jpg
3383D NEON/YEL	Neon, Amarillo	120X35CM	DURAN	3383D NEON-YEL.jpg
3385 NEON/GREEN	Neon, Verede		TKO	3385NEON-GREEN.jpg
3385 NEON/ORG	Neon, Naranja		TKO	3385NEON-ORG.jpg
3385 NEON/YEL	Neon, Amarillo		TKO	3385NEON-YEL.jpg
3385/BLK	Negro		TKO	3385-BLK.jpg
4400/BLK	Negro	4M	TKO	4400-BLK.jpg
4400/RED	Rojo	4M	TKO	4400-RED.jpg
4400D/BLUE	Azul	4M	DURAN	4400D-BLUE.jpg
4400D/PNK	Rosa	4M	DURAN	4400D-PNK.jpg
661.11/WHT-M	Blanco	M	ADIDAS	661-11-WHT.jpg
661.11/WHT-XS	Blanco	XS	ADIDAS	661-11-WHT.jpg
661.22-20/BLU-L	BLU	L	ADIDAS	661-22-2-0 BLU.jpg
661.22-20/BLU-M	BLU	M	ADIDAS	661-22-2-0 BLU.jpg
661.22-20/BLU-S	BLU	S	ADIDAS	661-22-2-0 BLU.jpg
661.22-20/BLU-XL	BLU	XL	ADIDAS	661-22-2-0 BLU.jpg
661.22-20/BLU-XS	BLU	XS	ADIDAS	661-22-2-0 BLU.jpg
661.22-20/BLU-XXS	BLU	XXS	ADIDAS	661-22-2-0 BLU.jpg
661.22-20/RED-L	RED	L	ADIDAS	661-22-2-0 RED.jpg
661.22-20/RED-M	RED	M	ADIDAS	661-22-2-0 RED.jpg
661.22-20/RED-S	RED	S	ADIDAS	661-22-2-0 RED.jpg
661.22-20/RED-XL	RED	XL	ADIDAS	661-22-2-0 RED.jpg
661.22-20/RED-XS	RED	XS	ADIDAS	661-22-2-0 RED.jpg
661.22-20/RED-XXS	RED	XXS	ADIDAS	661-22-2-0 RED.jpg
661.22/BLUE-L	BLUE	L	ADIDAS	661-22 BLU.jpg
661.22/BLUE-M	BLUE	M	ADIDAS	661-22 BLU.jpg
661.22/BLUE-S	BLUE	S	ADIDAS	661-22 BLU.jpg
661.22/BLUE-XL	BLUE	XL	ADIDAS	661-22 BLU.jpg
661.22/BLUE-XS	BLUE	XS	ADIDAS	661-22 BLU.jpg
661.22/RED-L	RED	L	ADIDAS	661-22-RED.jpg
661.22/RED-M	RED	M	ADIDAS	661-22-RED.jpg
661.22/RED-S	RED	S	ADIDAS	661-22-RED.jpg
661.22/RED-XL	RED	XL	ADIDAS	661-22-RED.jpg
661.22/RED-XS	RED	XS	ADIDAS	661-22-RED.jpg
661.23-20/BLU-M	BLU	M	ADIDAS	661-23-2-0 BLU.jpg
661.23-20/BLU-S	BLU	S	ADIDAS	661-23-2-0 BLU.jpg
661.23-20/BLU-XL	BLU	XL	ADIDAS	661-23-2-0 BLU.jpg
661.23-20/BLU-XS	BLU	XS	ADIDAS	661-23-2-0 BLU.jpg
661.23-20/RED-M	RED	M	ADIDAS	661-23-2-0 RED.jpg
661.23-20/RED-S	RED	S	ADIDAS	661-23-2-0 RED.jpg
661.23-20/RED-XL	RED	XL	ADIDAS	661-23-2-0 RED.jpg
661.23-20/RED-XS	RED	XS	ADIDAS	661-23-2-0 RED.jpg
661.23/BLUE-L	BLUE	L	ADIDAS	661-23 BLU.jpg
661.23/BLUE-M	BLUE	M	ADIDAS	661-23 BLU.jpg
661.23/BLUE-S	BLUE	S	ADIDAS	661-23 BLU.jpg
661.23/BLUE-XL	BLUE	XL	ADIDAS	661-23 BLU.jpg
661.23/BLUE-XS	BLUE	XS	ADIDAS	661-23 BLU.jpg
661.23/RED-L	RED	L	ADIDAS	661-23 RED.jpg
661.23/RED-M	RED	M	ADIDAS	661-23 RED.jpg
661.23/RED-S	RED	S	ADIDAS	661-23 RED.jpg
661.23/RED-XL	RED	XL	ADIDAS	661-23 RED.jpg
661.35-20/BLU-L	Rojo	XS	ADIDAS	661-35-RED.jpg
661.35-20/BLU-M	Rojo	XS	ADIDAS	661-35-RED.jpg
661.35-20/BLU-S	Rojo	XS	ADIDAS	661-35-RED.jpg
661.35-20/BLU-XL	Rojo	XS	ADIDAS	661-35-RED.jpg
661.35-20/BLU-XS	Rojo	XS	ADIDAS	661-35-RED.jpg
661.35-20/BLU-XXS	Rojo	XS	ADIDAS	661-35-RED.jpg
661.35-20/RED-L	Rojo	XS	ADIDAS	661-35-RED.jpg
661.35-20/RED-M	Rojo	XS	ADIDAS	661-35-RED.jpg
661.35-20/RED-S	Rojo	XS	ADIDAS	661-35-RED.jpg
661.35-20/RED-XL	Rojo	XS	ADIDAS	661-35-RED.jpg
661.35-20/RED-XS	Rojo	XS	ADIDAS	661-35-RED.jpg
661.35-20/RED-XXS	Rojo	XS	ADIDAS	661-35-RED.jpg
661.35/BLU-L	Azul	L	ADIDAS	661-35-BLU.jpg
661.35/BLU-M	Azul	M	ADIDAS	661-35-BLU.jpg
661.35/BLU-S	Azul	S	ADIDAS	661-35-BLU.jpg
661.35/BLU-XL	Azul	XL	ADIDAS	661-35-BLU.jpg
661.35/BLU-XS	Azul	XS	ADIDAS	661-35-BLU.jpg
661.35/BLU-XXS	Azul	XS	ADIDAS	661-35-BLU.jpg
661.35/RED-L	Rojo	L	ADIDAS	661-35-RED.jpg
661.35/RED-M	Rojo	M	ADIDAS	661-35-RED.jpg
661.35/RED-S	Rojo	S	ADIDAS	661-35-RED.jpg
661.35/RED-XL	Rojo	XL	ADIDAS	661-35-RED.jpg
661.35/RED-XS	Rojo	XS	ADIDAS	661-35-RED.jpg
661.35/RED-XXS	Rojo	XS	ADIDAS	661-35-RED.jpg
661.36/BLK-L	Blanco	S	ADIDAS	661-36-BLK.jpg
661.36/BLK-M	Blanco	S	ADIDAS	661-36-BLK.jpg
661.36/BLK-S	Blanco	S	ADIDAS	661-36-BLK.jpg
661.36/BLK-XL	Blanco	S	ADIDAS	661-36-BLK.jpg
661.36/BLK-XS	Blanco	S	ADIDAS	661-36-BLK.jpg
661.36/WHT-L	Blanco	L	ADIDAS	661-36-WHT.jpg
661.36/WHT-M	Blanco	M	ADIDAS	661-36-WHT.jpg
661.36/WHT-S	Blanco	S	ADIDAS	661-36-WHT.jpg
661.36/WHT-XL	Blanco	XL	ADIDAS	661-36-WHT.jpg
661.36/WHT-XS	Blanco	XS	ADIDAS	661-36-WHT.jpg
661.36/WHT-XXS	Blanco	XXS	ADIDAS	661-36-WHT.jpg
666.14/L	Blanco	L	ADIDAS	666-14.jpg
666.14/M	Blanco	M	ADIDAS	666-14.jpg
666.14/S	Blanco	S	ADIDAS	666-14.jpg
666.14/XL	Blanco	XL	ADIDAS	666-14.jpg
666.14/XS	Blanco	XS	ADIDAS	666-14.jpg
8918-B			WESTON	8918-B.jpg
ADIACC052B-BLK/GLD-M	Dorado, Negro	M	ADIDAS	ADIACC052B-BLK-GLD-S.jpg
ADIACC090B-BLK/BR-L	Negro	L/XL	ADIDAS	ADIACC090B-BLK_BR-S.jpg
ADIACC090B-BLK/BR-M	Negro	M	ADIDAS	ADIACC090B-BLK_BR-S.jpg
ADIACC090B-BLK/BR-S	Negro	S	ADIDAS	ADIACC090B-BLK_BR-S.jpg
ADIACC090B-BLK/WHT-S	Negro, Blanco	S	ADIDAS	ADIACC090B-BLK-WHT-S.jpg
ADIACC090B-NV/RED-L	RED	L	ADIDAS	ADIACC090B-NV-RED-S.jpg
ADIACC090B-NV/RED-M	Azul, Rojo	M	ADIDAS	ADIACC090B-NV-RED-S.jpg
ADIAS50HG-L	Negro, Amarillo, Camuflaje	L	ADIDAS	ADIAS50HG.jpg
ADIAS50HG-M	Negro, Amarillo, Camuflaje	M	ADIDAS	ADIAS50HG.jpg
ADIAS50HG-XL	Negro, Amarillo, Camuflaje	XL	ADIDAS	ADIAS50HG.jpg
ADIAS50SGG-L	Negro, Amarillo, Camuflaje	L	ADIDAS	ADIAS50SGG.jpg
ADIAS50SGG-M	Negro, Amarillo, Camuflaje	M	ADIDAS	ADIAS50SGG.jpg
ADIAS50SGG-S	Negro, Amarillo, Camuflaje	S	ADIDAS	ADIAS50SGG.jpg
ADIAS50SGG-XL	Negro, Amarillo, Camuflaje	XL	ADIDAS	ADIAS50SGG.jpg
ADIB225-WHT/YEL-220	Amarillo,blanco	220CM	ADIDAS	ADIB225-WHT-YEL.jpg
ADIB225-WHT/YEL-240	Amarillo,blanco	240CM	ADIDAS	ADIB225-WHT-YEL.jpg
ADIB225-WHT/YEL-260	Amarillo,blanco	260CM	ADIDAS	ADIB225-WHT-YEL.jpg
ADIB225-WHT/YEL-280	Amarillo,blanco	280CM	ADIDAS	ADIB225-WHT-YEL.jpg
ADIB225-YEL/ORG-240	Amarillo, Naranja	240CM	ADIDAS	ADIB225-YEL-ORG.jpg
ADIB225-YEL/ORG-260	Amarillo, Naranja	260CM	ADIDAS	ADIB225-YEL-ORG.jpg
ADIB225-YEL/ORG-280	Amarillo, Naranja	280CM	ADIDAS	ADIB225-YEL-ORG.jpg
ADIB242J/260	Negro	260CM	ADIDAS	ADIB242J.jpg
ADIB242J/280	Negro	280CM	ADIDAS	ADIB242J.jpg
ADIB242J/300	Negro	300CM	ADIDAS	ADIB242J.jpg
ADIBAC041/BLK	Negro	BLK	ADIDAS	ADIBAC041_BLK.jpg
ADIBAC05/BLK			ADIDAS	ADIBAC05_BLK.jpg
ADIBAC051/BLK	Negro	BLK	ADIDAS	ADIBAC051_BLK.jpg
ADIBAC06/BLK	Negro	BLK	ADIDAS	ADIBAC06-BLK.jpg
ADIBAC091/BLK-13X20	Negro	13X20	ADIDAS	ADIBAC091.jpg
ADIBAC091/BLK-15X23	Negro	15X23	ADIDAS	ADIBAC091.jpg
ADIBAC091/BLK-18X25	Negro	18X25	ADIDAS	ADIBAC091.jpg
ADIBH01/BLK-L	Negro	L	ADIDAS	ADIBH01-BLK.jpg
ADIBH01/BLK-M	Negro	M	ADIDAS	ADIBH01-BLK.jpg
ADIBH01/BLK-S	Negro	S	ADIDAS	ADIBH01-BLK.jpg
ADIBH01/BLK-XL	Negro	XL	ADIDAS	ADIBH01-BLK.jpg
ADIBH01/BLK-XS	Negro	XS	ADIDAS	ADIBH01-BLK.jpg
ADIBH01/BLU-L	Azul	L	ADIDAS	ADIBH01-BLU.jpg
ADIBH01/BLU-M	Azul	M	ADIDAS	ADIBH01-BLU.jpg
ADIBH01/BLU-S	BLU	S	ADIDAS	ADIBH01-BLU.jpg
ADIBH01/BLU-XL	Azul	L	ADIDAS	ADIBH01-BLU.jpg
ADIBH01/BLU-XS	Azul	XS	ADIDAS	ADIBH01-BLU.jpg
ADIBH01/RED-L	Rojo	L	ADIDAS	ADIBH01-RED.jpg
ADIBH01/RED-M	Rojo	M	ADIDAS	ADIBH01-RED.jpg
ADIBH01/RED-S	Rojo	S	ADIDAS	ADIBH01-RED.jpg
ADIBH01/RED-XL	Rojo	L	ADIDAS	ADIBH01-RED.jpg
ADIBH01/RED-XS	Rojo	XS	ADIDAS	ADIBH01-RED.jpg
ADIBH01WK/BLK-L	Negro	S	ADIDAS	ADIBH01WK-BLK.jpg
ADIBH01WK/BLK-M	Negro	S	ADIDAS	ADIBH01WK-BLK.jpg
ADIBH01WK/BLK-S	Negro	S	ADIDAS	ADIBH01WK-BLK.jpg
ADIBH01WK/BLK-XL	Negro	S	ADIDAS	ADIBH01WK-BLK.jpg
ADIBH01WK/BLU-L	Negro	S	ADIDAS	ADIBH01WK-BLU.jpg
ADIBH01WK/BLU-M	Negro	S	ADIDAS	ADIBH01WK-BLU.jpg
ADIBH01WK/BLU-S	Negro	S	ADIDAS	ADIBH01WK-BLU.jpg
ADIBH01WK/BLU-XL	Negro	S	ADIDAS	ADIBH01WK-BLU.jpg
ADIBH01WK/RED-L	Negro	S	ADIDAS	ADIBH01WK-RED.jpg
ADIBH01WK/RED-M	Negro	S	ADIDAS	ADIBH01WK-RED.jpg
ADIBH01WK/RED-S	Negro	S	ADIDAS	ADIBH01WK-RED.jpg
ADIBH01WK/RED-XL	Negro	S	ADIDAS	ADIBH01WK-RED.jpg
ADIBHG023-BLK/RED-L	Negro	S	ADIDAS	ADIBHG023-BLK-RED.jpg
ADIBHG023-BLK/RED-M	Negro	S	ADIDAS	ADIBHG023-BLK-RED.jpg
ADIBHG023-BLK/RED-S	Negro	S	ADIDAS	ADIBHG023-BLK-RED.jpg
ADIBHG023-BLK/RED-XL	Negro	S	ADIDAS	ADIBHG023-BLK-RED.jpg
ADIBHG023-BLK/RED-XS	Negro	S	ADIDAS	ADIBHG023-BLK-RED.jpg
ADIBHG023-BLK/RED-XXS	Negro	S	ADIDAS	ADIBHG023-BLK-RED.jpg
ADIBHG023-BLK/WHT-L	Negro	S	ADIDAS	ADIBHG023-BLK-WHT.jpg
ADIBHG023-BLK/WHT-M	Negro	S	ADIDAS	ADIBHG023-BLK-WHT.jpg
ADIBHG023-BLK/WHT-S	Negro	S	ADIDAS	ADIBHG023-BLK-WHT.jpg
ADIBHG023-BLK/WHT-XL	Negro	S	ADIDAS	ADIBHG023-BLK-WHT.jpg
ADIBHG023-BLK/WHT-XS	Negro	S	ADIDAS	ADIBHG023-BLK-WHT.jpg
ADIBHG023-BLK/WHT-XXS	Negro	S	ADIDAS	ADIBHG023-BLK-WHT.jpg
ADIBJJB-C/BLU-A1	Azul	A1	ADIDAS	ADIBJJB-C-BLU.jpg
ADIBJJB-C/BLU-A2	Azul	A2	ADIDAS	ADIBJJB-C-BLU.jpg
ADIBJJB-C/BLU-A3	Azul	A3	ADIDAS	ADIBJJB-C-BLU.jpg
ADIBJJB-C/BLU-A4	Azul	A4	ADIDAS	ADIBJJB-C-BLU.jpg
ADIBJJB-E/BLK-A1	Negro	A1	ADIDAS	ADIBJJB-E-BLK.jpg
ADIBJJB-E/BLK-A2	Negro	A2	ADIDAS	ADIBJJB-E-BLK.jpg
ADIBJJB-E/BLK-A3	Negro	A3	ADIDAS	ADIBJJB-E-BLK.jpg
ADIBJJB-E/BLK-A4	Negro	A4	ADIDAS	ADIBJJB-E-BLK.jpg
ADIBJJB-E/BRN-A1	Chocolate	A1	ADIDAS	ADIBJJB-E-BRN.jpg
ADIBJJB-E/BRN-A2	Chocolate	A2	ADIDAS	ADIBJJB-E-BRN.jpg
ADIBJJB-E/BRN-A3	Chocolate	A3	ADIDAS	ADIBJJB-E-BRN.jpg
ADIBJJB-E/BRN-A4	Chocolate	A4	ADIDAS	ADIBJJB-E-BRN.jpg
ADIBJJB-E/PUR-A1	Morado	A1	ADIDAS	ADIBJJB-E-PUR.jpg
ADIBJJB-E/PUR-A2	Morado	A2	ADIDAS	ADIBJJB-E-PUR.jpg
ADIBJJB-E/PUR-A3	Morado	A3	ADIDAS	ADIBJJB-E-PUR.jpg
ADIBJJB-E/PUR-A4	Morado	A4	ADIDAS	ADIBJJB-E-PUR.jpg
ADIBP02-BLK/GLD-L	Negro, Dorado	L	ADIDAS	ADIBP02-BLK_GLD.jpg
ADIBP02-BLK/GLD-M	Negro, Dorado	M	ADIDAS	ADIBP02-BLK_GLD.jpg
ADIBP02-BLK/GLD-S	Negro, Dorado	S	ADIDAS	ADIBP02-BLK_GLD.jpg
ADIBP02-BLK/GLD-XS	Negro, Dorado	XS	ADIDAS	ADIBP02-BLK_GLD.jpg
ADIBP02-BLK/PNK-M	Negro, Rosado	M	ADIDAS	ADIBP02-BLK_PNK.jpg
ADIBP02-BLK/PNK-S	Negro, Rosado	S	ADIDAS	ADIBP02-BLK_PNK.jpg
ADIBP02-BLK/PNK-XS	Negro, Rosado	XS	ADIDAS	ADIBP02-BLK_PNK.jpg
ADIBP022-BLK/GLD-L	Negro, Dorado	L	ADIDAS	ADISBP022-BLK_GLD.jpg
ADIBP022-BLK/GLD-S	Negro, Dorado	S	ADIDAS	ADISBP022-BLK_GLD.jpg
ADIBP022-BLK/GLD-XL	Negro, Dorado	XL	ADIDAS	ADISBP022-BLK_GLD.jpg
ADIBP022-BLK/GLD-XS	Negro, Dorado	XS	ADIDAS	ADISBP022-BLK_GLD.jpg
ADIBP03/BLK	Negro	3.5M	ADIDAS	ADIBP03_BLK.jpg
ADIBP03S/OLV-2.55M	Negro	3.5M	ADIDAS	ADIBP03S-OLV-2-55.jpg
ADIBP03S/OLV-3.5M	Negro	3.5M	ADIDAS	ADIBP03S-OLV-2-55.jpg
ADIBP03S/OLV-4.5M	Negro	3.5M	ADIDAS	ADIBP03S-OLV-2-55.jpg
ADIBP05/BLK-L	Negro	L	ADIDAS	ADIBP05-BLK.jpg
ADIBP05/BLK-M	BLK	M	ADIDAS	ADIBP05-BLK.jpg
ADIBP05/BLK-S	BLK	S	ADIDAS	ADIBP05-BLK.jpg
ADIBP05/BLK-XL	Negro	XL	ADIDAS	ADIBP05-BLK.jpg
ADIBP05/GRN-L	GRN	L	ADIDAS	ADIBP05-GRN.jpg
ADIBP05/GRN-M	GRN	M	ADIDAS	ADIBP05-GRN.jpg
ADIBP05/GRN-XL	GRN	XL	ADIDAS	ADIBP05-GRN.jpg
ADIBP05/WHT-L	WHT	L	ADIDAS	ADIBP05-WHT.jpg
ADIBP05/WHT-M	WHT	M	ADIDAS	ADIBP05-WHT.jpg
ADIBP05/WHT-XL	WHT	XL	ADIDAS	ADIBP05-WHT.jpg
ADIBP07-BLK/L	Negro	L	ADIDAS	ADIBP07B-BLK.jpg
ADIBP07-BLK/M	BLK	M	ADIDAS	ADIBP07B-BLK.jpg
ADIBP07-BLK/S	Negro	S	ADIDAS	ADIBP07B-BLK.jpg
ADIBP07-BLK/XL	Negro	XL	ADIDAS	ADIBP07B-BLK.jpg
ADIBP07-BLK/XS	Negro	XS	ADIDAS	ADIBP07B-BLK.jpg
ADIBP07-BLU/L	Azul	L	ADIDAS	ADIBP07B-BLU.jpg
ADIBP07-BLU/M	Azul	M	ADIDAS	ADIBP07B-BLU.jpg
ADIBP07-BLU/S	Azul	S	ADIDAS	ADIBP07B-BLU.jpg
ADIBP07-BLU/XL	Azul	XL	ADIDAS	ADIBP07B-BLU.jpg
ADIBP07-BLU/XS	Azul	XS	ADIDAS	ADIBP07B-BLU.jpg
ADIBP07-RED/L	Rojo	L	ADIDAS	ADIBP07B-RED.jpg
ADIBP07-RED/M	Rojo	M	ADIDAS	ADIBP07B-RED.jpg
ADIBP07-RED/S	Rojo	S	ADIDAS	ADIBP07B-RED.jpg
ADIBP07-RED/XL	Rojo	XL	ADIDAS	ADIBP07B-RED.jpg
ADIBP07-RED/XS	Rojo	XS	ADIDAS	ADIBP07B-RED.jpg
ADIBP08B-BLU/S	Azul	S	ADIDAS	ADIBP08B-BLU.jpg
ADIBP08B-RED/L	Rojo	L	ADIDAS	ADIBP08B-RED.jpg
ADIBP08B-RED/M	Rojo	M	ADIDAS	ADIBP08B-RED.jpg
ADIBP08B-RED/S	Rojo	S	ADIDAS	ADIBP08B-RED.jpg
ADIBP08B-RED/XL	Rojo	XL	ADIDAS	ADIBP08B-RED.jpg
ADIBP10N	Plastico		ADIDAS	ADIBP10N.jpg
ADIBP10N-JR	Plastico		ADIDAS	ADIBP10N-JR.jpg
ADIBPKIT03/12OZ			ADIDAS	ADIBPKIT03-12OZ.jpg
ADIBPKITSMU/14OZ	Negro, Blanco	14OZ	ADIDAS	ADIBPKITSMU-12OZ.jpg
ADIBTKA02/L	Negro	L	ADIDAS	ADIBTKA02.jpg
ADIBTKA02/M	Negro	M	ADIDAS	ADIBTKA02.jpg
ADIBTKK02/XS	Azul, Rojo	XS	ADIDAS	ADIBTKK02.jpg
ADIBTS02-BLU/WHT-L	BLU/WHT	L	ADIDAS	ADIBTS02-BLU_WHT.jpg
ADIBTS02-BLU/WHT-M	BLU/WHT	M	ADIDAS	ADIBTS02-BLU_WHT.jpg
ADIBTS02-BLU/WHT-S	BLU/WHT	S	ADIDAS	ADIBTS02-BLU_WHT.jpg
ADIBTS02-BLU/WHT-XL	BLU/WHT	XL	ADIDAS	ADIBTS02-BLU_WHT.jpg
ADIBTS02-RED/WHT-L	RED/WHT	L	ADIDAS	ADIBTS02-RED_WHT.jpg
ADIBTS02-RED/WHT-M	RED/WHT	M	ADIDAS	ADIBTS02-RED_WHT.jpg
ADIBTS02-RED/WHT-S	RED/WHT	S	ADIDAS	ADIBTS02-RED_WHT.jpg
ADIBTS02-RED/WHT-XL	RED/WHT	XL	ADIDAS	ADIBTS02-RED_WHT.jpg
ADIBTT02-BLK/WHT-L	BLK/WHT	L	ADIDAS	ADIBTT02-BLK_WHT.jpg
ADIBTT02-BLK/WHT-M	BLK/WHT	M	ADIDAS	ADIBTT02-BLK_WHT.jpg
ADIBTT02-BLK/WHT-S	BLK/WHT	S	ADIDAS	ADIBTT02-BLK_WHT.jpg
ADIBTT02-BLK/WHT-XL	Negro, Blanco	XL	ADIDAS	ADIBTT02-BLK-WHT.jpg
ADIBTT02-BLU/WHT-L	BLU/WHT	L	ADIDAS	ADIBTT02-BLU_WHT.jpg
ADIBTT02-BLU/WHT-M	BLU/WHT	M	ADIDAS	ADIBTT02-BLU_WHT.jpg
ADIBTT02-BLU/WHT-S	Rojo, Blanco	S	ADIDAS	ADIBTT02-BLU_WHT.jpg
ADIBTT02-BLU/WHT-XL	BLU/WHT	XL	ADIDAS	ADIBTT02-BLU_WHT.jpg
ADIBTT02-RED/WHT-L	RED/WHT	L	ADIDAS	ADIBTT02-RED_WHT.jpg
ADIBTT02-RED/WHT-M	RED/WHT	M	ADIDAS	ADIBTT02-RED_WHT.jpg
ADIBTT02-RED/WHT-S	Rojo, Blanco	S	ADIDAS	ADIBTT02-RED_WHT.jpg
ADIBTT02-RED/WHT-XL	Rojo, Blanco	XL	ADIDAS	ADIBTT02-RED_WHT.jpg
ADIBTT02-WHT/BLK-L	WHT/BLK	L	ADIDAS	ADIBTT02-WHT_BLK.jpg
ADIBTT02-WHT/BLK-M	WHT/BLK	M	ADIDAS	ADIBTT02-WHT_BLK.jpg
ADIBTT02-WHT/BLK-S	Blanco, Negro	S	ADIDAS	ADIBTT02-WHT_BLK.jpg
ADIBTT02-WHT/BLK-XL	Blanco, Negro	XL	ADIDAS	ADIBTT02-WHT_BLK.jpg
ADIBXWJK01/M	Negro, Gris	M	ADIDAS	ADIBXWJ01.jpg
ADIBXWSH01/L	Negro, Gris	L	ADIDAS	ADIBXWSH01.jpg
ADIBXWTHJ01/L	Blanco, Negro	L	ADIDAS	ADIBXWTHJ01.jpg
ADIBXWTSH01/XL			ADIDAS	ADIBXWTSH01.jpg
ADICLHD21-B-GRY/BLK-L	Gris, Negro	L	ADIDAS	ADICLHD21-B-GRY_BLK.jpg
ADICLHD21-B-GRY/BLK-M	Gris, Negro	M	ADIDAS	ADICLHD21-B-GRY_BLK.jpg
ADICLHD21-B-GRY/BLK-S	B	GRY/BLK-S	ADIDAS	ADICLHD21-B-GRY_BLK.jpg
ADICLHD21-B-WHT/BLK-L	Blanco, Negro	L	ADIDAS	ADICLHD21-B-WHT_BLK.jpg
ADICLHD21-B-WHT/BLK-M	Blanco, Negro	M	ADIDAS	ADICLHD21-B-WHT_BLK.jpg
ADICLHD24-K/BLK-L	Negro	L	ADIDAS	ADICLHD24-K.jpg
ADICLHD24-K/BLK-M	Negro	M	ADIDAS	ADICLHD24-K.jpg
ADICLHD24-K/BLK-S	Negro	S	ADIDAS	ADICLHD24-K.jpg
ADICLHD24-K/BLK-XL	Negro	XL	ADIDAS	ADICLHD24-K.jpg
ADICLSH21-B-GRY/BLK-L	Gris, Negro	L	ADIDAS	ADICLSH21-B-GRY_BLK.jpg
ADICLSH21-B-WHT/BLK-L	Blanco, Negro	L	ADIDAS	ADICLSH21-B-WHT-BLK.jpg
ADICLSH21-B-WHT/BLK-M	Blanco, Negro	M	ADIDAS	ADICLSH21-B-WHT-BLK.jpg
ADICLSH21-B-WHT/BLK-XL	B	WHT/BLK-XL	ADIDAS	ADICLSH21-B-WHT-BLK.jpg
ADICLST21-B-WHT/BLK-L	Blanco, Negro	L	ADIDAS	ADICLST21-B-WHT_BLK.jpg
ADICLTS21-B-GRY/BLK-M	Gris, Negro	M	ADIDAS	ADICLTS21-B-GRY_BLK.jpg
ADICLTS24-CS/BLK-L	Negro	L	ADIDAS	ADICLTS24-CS-BLK.jpg
ADICLTS24-CS/BLK-M	Negro	M	ADIDAS	ADICLTS24-CS-BLK.jpg
ADICLTS24-CS/BLK-S	Negro	S	ADIDAS	ADICLTS24-CS-BLK.jpg
ADICLTS24-CS/BLK-XL	Negro	XL	ADIDAS	ADICLTS24-CS-BLK.jpg
ADICLTS24-CS/GREY-L	Gris	L	ADIDAS	ADICLTS24-CS-GREY.jpg
ADICLTS24-CS/GREY-M	Gris	M	ADIDAS	ADICLTS24-CS-GREY.jpg
ADICLTS24-CS/GREY-S	Gris	S	ADIDAS	ADICLTS24-CS-GREY.jpg
ADICLTS24-CS/GREY-XL	Gris	XL	ADIDAS	ADICLTS24-CS-GREY.jpg
ADICLTS24-CS/WHT-M	Blanco	M	ADIDAS	ADICLTS24-CS-WHT.jpg
ADICLTS24-JJ/GRN-XS	Verde	XS	ADIDAS	ADICLTS24-CS-JJ.jpg
ADICLTS24-K/BLK-152	Negro	12	ADIDAS	ADICLTS24-K.jpg
ADICLTS24-K/BLK-164	Negro	14	ADIDAS	ADICLTS24-K.jpg
ADICLTS24-K/BLK-L	Negro	L	ADIDAS	ADICLTS24-K.jpg
ADICLTS24-K/BLK-M	Negro	M	ADIDAS	ADICLTS24-K.jpg
ADICLTS24-K/BLK-S	Negro	S	ADIDAS	ADICLTS24-K.jpg
ADICLTS24-K/BLK-XL	Negro	XL	ADIDAS	ADICLTS24-K.jpg
ADICLTS24-K/BLK-XS	Negro	XS	ADIDAS	ADICLTS24-K.jpg
ADICLTSPS-CS/H-GREY-L	Gris	L	ADIDAS	ADICLTSPS-CS-GREY.jpg
ADICLTSPS-CS/H-GREY-M	Gris	M	ADIDAS	ADICLTSPS-CS-GREY.jpg
ADICLTSPS-CS/H-GREY-S	Gris	S	ADIDAS	ADICLTSPS-CS-GREY.jpg
ADICLTSPS-CS/H-GREY-XL	Gris	XL	ADIDAS	ADICLTSPS-CS-GREY.jpg
ADICLTSPS-CS/H-GREY-XXL	Gris	XL	ADIDAS	ADICLTSPS-CS-GREY.jpg
ADICLTSPS-CS/OLIVE-L	Gris	L	ADIDAS	ADICLTSPS-CS-OLIVE.jpg
ADICLTSPS-CS/OLIVE-M	Verde olivo	M	ADIDAS	ADICLTSPS-CS-OLIVE.jpg
ADICLTSPS-CS/OLIVE-S	Verde olivo	S	ADIDAS	ADICLTSPS-CS-OLIVE.jpg
ADICLTSPS-CS/OLIVE-XL	Verde olivo	XL	ADIDAS	ADICLTSPS-CS-OLIVE.jpg
ADICLTSPS-CS/OLIVE-XXL	Verde olivo	XL	ADIDAS	ADICLTSPS-CS-OLIVE.jpg
ADICLTSPS-CS/SCARLET-XL	Rojo	XL	ADIDAS	ADICLTSPS-CS-SCARLET.jpg
ADICLTT24-CS/BLK-M	Negro	M	ADIDAS	ADICLTT24-CS-BLK.jpg
ADICLTT24-CS/BLK-S	Negro	S	ADIDAS	ADICLTT24-CS-BLK.jpg
ADICLTT24-CS/BLK-XL	Negro	XL	ADIDAS	ADICLTT24-CS-BLK.jpg
ADICLTT24-CS/GREY-L	Gris	L	ADIDAS	ADICLTT24-CS-GREY.jpg
ADICLTT24-CS/GREY-M	Gris	M	ADIDAS	ADICLTT24-CS-GREY.jpg
ADICLTT24-CS/GREY-S	Gris	S	ADIDAS	ADICLTT24-CS-GREY.jpg
ADICLTT24-CS/GREY-XL	Gris	XL	ADIDAS	ADICLTT24-CS-GREY.jpg
ADICLTT24-CS/WHT-L	Blanco	L	ADIDAS	ADICLTT24-CS-WHT.jpg
ADICLTT24-CS/WHT-M	Blanco	M	ADIDAS	ADICLTT24-CS-WHT.jpg
ADICLTT24-CS/WHT-S	Blanco	S	ADIDAS	ADICLTT24-CS-WHT.jpg
ADICLTT24-CS/WHT-XL	Blanco	XL	ADIDAS	ADICLTT24-CS-WHT.jpg
ADICSG041/L	Negro, Plateado	L	ADIDAS	ADICSG041_S.jpg
ADICSG041/M	Negro, Plateado	M	ADIDAS	ADICSG041_S.jpg
ADICSG041/S	Negro, Plateado	S	ADIDAS	ADICSG041_S.jpg
ADICSG041/XL	Negro, Plateado	XL	ADIDAS	ADICSG041_S.jpg
ADICSG041M/L	Negro, Plateado, Dorado	L	ADIDAS	ADICSG041M_S.jpg
ADICSG041M/M	Negro, Plateado, Dorado	M	ADIDAS	ADICSG041M_S.jpg
ADICSG041M/S	Negro, Plateado, Dorado	S	ADIDAS	ADICSG041M_S.jpg
ADICSG041M/XL	Negro, Plateado, Dorado	XL	ADIDAS	ADICSG041M_S.jpg
ADICSJ02KB-WHT/BLK/L	Blanco, negro	L	ADIDAS	ADICSJ02KB-WHT-BLK-S.jpg
ADICSJ02KB-WHT/BLK/M	Blanco, negro	M	ADIDAS	ADICSJ02KB-WHT-BLK-S.jpg
ADICSJ02KB-WHT/BLK/S	Blanco, negro	S	ADIDAS	ADICSJ02KB-WHT-BLK-S.jpg
ADICSJ02KB-WHT/BLK/XL	Blanco, negro	XL	ADIDAS	ADICSJ02KB-WHT-BLK-S.jpg
ADICSL04KB-BLK/WHT/XL			ADIDAS	ADICSL04KB-BLK-WHT-S.jpg
ADICSL05KB-BLK/WHT/L			ADIDAS	ADICSL05KB-BLK-WHT-S.jpg
ADICSL05KB-BLK/WHT/M			ADIDAS	ADICSL05KB-BLK-WHT-S.jpg
ADICSTS01KB-BLK/WHT/S			ADIDAS	ADICSTS01KB-BLK-WHT-S.jpg
ADICSTS01KB-GREY/BLK/L			ADIDAS	ADICSTS01KB-GREY-BLK-S.jpg
ADICSTS01KB-WHT/BLK/L	Blanco, negro	L	ADIDAS	ADICSTS01KB-WHT-BLK-S.jpg
ADICSTS01KB-WHT/BLK/M	Blanco, negro	M	ADIDAS	ADICSTS01KB-WHT-BLK-S.jpg
ADICSTS01KB-WHT/BLK/S	Blanco, negro	S	ADIDAS	ADICSTS01KB-WHT-BLK-S.jpg
ADICSTS01KB-WHT/BLK/XL	Blanco, negro	XL	ADIDAS	ADICSTS01KB-WHT-BLK-S.jpg
ADIEMP01-BLK/GLD	Negro, Dorado	GLD	ADIDAS	ADIEMP01-BLK-GLD.jpg
ADIGJJ01/BLU-L	Rojo	L	ADIDAS	ADIGJJ01-BLU.jpg
ADIGJJ01/BLU-M	Rojo	M	ADIDAS	ADIGJJ01-BLU.jpg
ADIGJJ01/BLU-S	Rojo	S	ADIDAS	ADIGJJ01-BLU.jpg
ADIGJJ01/BLU-XL	Rojo	XL	ADIDAS	ADIGJJ01-BLU.jpg
ADIGJJ01/RED-L	Rojo	L	ADIDAS	ADIGJJ01-RED.jpg
ADIGJJ01/RED-M	Rojo	M	ADIDAS	ADIGJJ01-RED.jpg
ADIGJJ01/RED-S	Rojo	S	ADIDAS	ADIGJJ01-RED.jpg
ADIGJJ01/RED-XL	Rojo	XL	ADIDAS	ADIGJJ01-RED.jpg
ADIH150FM-RED/WHT	Rojo, Blanco	WHT	ADIDAS	ADIH150FM-RED-WHT.jpg
ADIH150HG-BLK/WHT-S	Negro, Blanco	S	ADIDAS	ADIH150HG-BLK-WHT-S.jpg
ADIH25-BLK/04OZ	Negro	4OZ	ADIDAS	ADIH25-BLK.jpg
ADIH25-BLK/12OZ	Negro	12OZ	ADIDAS	ADIH25-BLK.jpg
ADIH25-BLU/04OZ	Azul	4OZ	ADIDAS	ADIH25-BLU.jpg
ADIH25-BLU/06OZ	Azul	6OZ	ADIDAS	ADIH25-BLU.jpg
ADIH25-BLU/08OZ	Azul	8OZ	ADIDAS	ADIH25-BLU.jpg
ADIH25-BLU/10OZ	Azul	10OZ	ADIDAS	ADIH25-BLU.jpg
ADIH25-BLU/12OZ	Azul	12OZ	ADIDAS	ADIH25-BLU.jpg
ADIH25-RED/04OZ	Rojo	4OZ	ADIDAS	ADIH25-RED.jpg
ADIH25-RED/06OZ	Rojo	6OZ	ADIDAS	ADIH25-RED.jpg
ADIH25-RED/08OZ	Rojo	8OZ	ADIDAS	ADIH25-RED.jpg
ADIH25-RED/10OZ	Rojo	10OZ	ADIDAS	ADIH25-RED.jpg
ADIH25-RED/12OZ	Rojo	12OZ	ADIDAS	ADIH25-RED.jpg
ADIH25-RED/14OZ	Rojo	14OZ	ADIDAS	ADIH25-RED.jpg
ADIH350TG-BLK/BLK-12OZ	Negro	6OZ	ADIDAS	ADIH350TG-BLK-BLK.jpg
ADIH350TG-BLK/BLK-14OZ	Negro	6OZ	ADIDAS	ADIH350TG-BLK-BLK.jpg
ADIH350TG-BLK/BLK-16OZ	Negro	6OZ	ADIDAS	ADIH350TG-BLK-BLK.jpg
ADIH350TG-BLK/BLK-18OZ	Negro	6OZ	ADIDAS	ADIH350TG-BLK-BLK.jpg
ADIH350TG-BLK/BLK-20OZ	Negro	6OZ	ADIDAS	ADIH350TG-BLK-BLK.jpg
ADIH350TG-RED/BLK-14OZ	Negro	6OZ	ADIDAS	ADIH350TG-RED-BLK.jpg
ADIH350TG-RED/BLK-16OZ	Negro	6OZ	ADIDAS	ADIH350TG-RED-BLK.jpg
ADIH350TG-ROY/BLK-14OZ	Negro	6OZ	ADIDAS	ADIH350TG-ROY-BLK.jpg
ADIH350TG-ROY/BLK-16OZ	Negro	6OZ	ADIDAS	ADIH350TG-ROY-BLK.jpg
ADIH350TG-WHT/BLK-14OZ	Negro	6OZ	ADIDAS	ADIH350TG-WHT-BLK.jpg
ADIH350TG-WHT/BLK-16OZ	Negro	6OZ	ADIDAS	ADIH350TG-WHT-BLK.jpg
ADIH500M-BLK/GLD-12OZ	Negro	6OZ	ADIDAS	ADIH500M-BLK-GLD.jpg
ADIH500M-BLK/GLD-14OZ	Negro	6OZ	ADIDAS	ADIH500M-BLK-GLD.jpg
ADIH500M-BLK/GLD-16OZ	Negro	6OZ	ADIDAS	ADIH500M-BLK-GLD.jpg
ADIH500M-WHT/BLK-12OZ	Negro	6OZ	ADIDAS	ADIH500M-WHT-BLK.jpg
ADIH500M-WHT/BLK-14OZ	Negro	6OZ	ADIDAS	ADIH500M-WHT-BLK.jpg
ADIH500M-WHT/BLK-16OZ	Negro	6OZ	ADIDAS	ADIH500M-WHT-BLK.jpg
ADIH500MV-BLK/GLD-12OZ	Negro	6OZ	ADIDAS	ADIH500MV-BLK-GLD.jpg
ADIH500MV-BLK/GLD-14OZ	Negro	6OZ	ADIDAS	ADIH500MV-BLK-GLD.jpg
ADIH500MV-BLK/GLD-16OZ	Negro	6OZ	ADIDAS	ADIH500MV-BLK-GLD.jpg
ADIH50HG-BLK/L	Negro	L	ADIDAS	ADIH50HG-BLK.jpg
ADIH50HG-BLK/M	Negro	M	ADIDAS	ADIH50HG-BLK.jpg
ADIH50HG-BLK/S	BLK	S	ADIDAS	ADIH50HG-BLK.jpg
ADIH50HG-BLK/XL	Negro	XL	ADIDAS	ADIH50HG-BLK.jpg
ADIH50HG-BLK/XS	BLK	XS	ADIDAS	ADIH50HG-BLK.jpg
ADIH50HG-BLU/L	Azul	L	ADIDAS	ADIH50HG-BLU.jpg
ADIH50HG-BLU/M	Azul	M	ADIDAS	ADIH50HG-BLU.jpg
ADIH50HG-BLU/S	BLU	S	ADIDAS	ADIH50HG-BLU.jpg
ADIH50HG-BLU/XL	Azul	XL	ADIDAS	ADIH50HG-BLU.jpg
ADIH50HG-BLU/XS	BLU	XS	ADIDAS	ADIH50HG-BLU.jpg
ADIH50HG-RED/L	Rojo	L	ADIDAS	ADIH50HG-RED.jpg
ADIH50HG-RED/M	Rojo	M	ADIDAS	ADIH50HG-RED.jpg
ADIH50HG-RED/S	RED	S	ADIDAS	ADIH50HG-RED.jpg
ADIH50HG-RED/XL	Rojo	XL	ADIDAS	ADIH50HG-RED.jpg
ADIH50HG-RED/XS	RED	XS	ADIDAS	ADIH50HG-RED.jpg
ADIH80-BLK/BLK-06OZ	Negro	6OZ	ADIDAS	ADIH80-BLK-BLK.jpg
ADIH80-BLK/BLK-08OZ	Negro	8OZ	ADIDAS	ADIH80-BLK-BLK.jpg
ADIH80-BLK/BLK-14OZ	Negro	14OZ	ADIDAS	ADIH80-BLK-BLK.jpg
ADIH80-BLK/PNK-06OZ	Negro, Rosado	06OZ	ADIDAS	ADIH80-BLK-PNK.jpg
ADIH80-BLK/PNK-08OZ	BLK/PNK	08OZ	ADIDAS	ADIH80-BLK-PNK.jpg
ADIH80-BLK/PNK-10OZ	Negro, Rosado	10OZ	ADIDAS	ADIH80-BLK-PNK.jpg
ADIH80-BLK/PNK-14OZ	Negro, Rosado	14OZ	ADIDAS	ADIH80-BLK-PNK.jpg
ADIH80-BLK/PNK-16OZ	Negro, Rosado	16OZ	ADIDAS	ADIH80-BLK-PNK.jpg
ADIHBWG01-BLK/PNK-L/XL	Negro, Rosado	L/XL	ADIDAS	ADIHBWG01-BLK-PNK.jpg
ADIHBWG01-BLK/PNK-S/M	Negro, Rosado	S/M	ADIDAS	ADIHBWG01-BLK-PNK.jpg
ADIHDF100-BLK/PNK-12OZ	Negro, Rosado	12OZ	ADIDAS	ADIHDF100-BLK-PNK.jpg
ADIHDF100-BLK/PNK-14OZ	Negro, Rosado	14OZ	ADIDAS	ADIHDF100-BLK-PNK.jpg
ADIIBAG1/BLU-10OZ	BLU	10OZ	ADIDAS	ADILBAG-BLU.jpg
ADIIBAG1/BLU-12OZ	Azul	12OZ	ADIDAS	ADILBAG-BLU.jpg
ADIIBAG1/RED-10OZ	Rojo	10OZ	ADIDAS	ADILBAG-RED.jpg
ADIIBAG1/RED-12OZ	RED	12OZ	ADIDAS	ADILBAG-RED.jpg
ADIIBAH1/BLU-L	Azul	L	ADIDAS	ADILBAH1-BLU.jpg
ADIIBAH1/BLU-M	Azul	M	ADIDAS	ADILBAH1-BLU.jpg
ADIIBAH1/BLU-S	Azul	M	ADIDAS	ADILBAH1-BLU.jpg
ADIIBAH1/BLU-XL	Azul	M	ADIDAS	ADILBAH1-BLU.jpg
ADIIBAH1/RED-L	Rojo	L	ADIDAS	ADILBAH1-RED.jpg
ADIIBAH1/RED-M	Rojo	M	ADIDAS	ADILBAH1-RED.jpg
ADIIBAH1/RED-S	Rojo	L	ADIDAS	ADILBAH1-RED.jpg
ADIIBAH1/RED-XL	Rojo	L	ADIDAS	ADILBAH1-RED.jpg
ADIJRW01			ADIDAS	ADIJRW01.jpg
ADIJRW03			ADIDAS	ADIJRW03.jpg
ADIJRW05	Plastico	9FT/275CM	ADIDAS	ADIJRW05.jpg
ADIKBB100-BLK/XXS	Negro	XXS	ADIDAS	ADIKBB100-BLK.jpg
ADIKBB100-BLU/L	Azul	L	ADIDAS	ADIKBB100-BLU.jpg
ADIKBB100-BLU/M	Azul	M	ADIDAS	ADIKBB100-BLU.jpg
ADIKBB100-BLU/S	Azul	S	ADIDAS	ADIKBB100-BLU.jpg
ADIKBB100-BLU/XS	Azul	XS	ADIDAS	ADIKBB100-BLU.jpg
ADIKBB100-BLU/XXS	Azul	XXS	ADIDAS	ADIKBB100-BLU.jpg
ADIKBB100-RED/L	Rojo	L	ADIDAS	ADIKBB100-RED.jpg
ADIKBB100-RED/M	Rojo	M	ADIDAS	ADIKBB100-RED.jpg
ADIKBB100-RED/S	Rojo	S	ADIDAS	ADIKBB100-RED.jpg
ADIKBB100-RED/XS	Rojo	XS	ADIDAS	ADIKBB100-RED.jpg
ADIKBB100-RED/XXS	Rojo	XXS	ADIDAS	ADIKBB100-RED.jpg
ADIKBB300-BLK/GLD-L	BLK/GLD	L	ADIDAS	ADIKBB300-BLK-GLD.jpg
ADIKBB300-BLK/GLD-M	BLK/GLD	M	ADIDAS	ADIKBB300-BLK-GLD.jpg
ADIKBB300-BLK/GLD-S	BLK/GLD	S	ADIDAS	ADIKBB300-BLK-GLD.jpg
ADIKBB300-BLK/GLD-XL	BLK/GLD	XL	ADIDAS	ADIKBB300-BLK-GLD.jpg
ADIKBB300-BLU/SIL-L	BLU/SIL	L	ADIDAS	ADIKBB300-BLU-SIL.jpg
ADIKBB300-BLU/SIL-M	BLU/SIL	M	ADIDAS	ADIKBB300-BLU-SIL.jpg
ADIKBB300-BLU/SIL-S	BLU/SIL	S	ADIDAS	ADIKBB300-BLU-SIL.jpg
ADIKBB300-BLU/SIL-XL	BLU/SIL	XL	ADIDAS	ADIKBB300-BLU-SIL.jpg
ADIKBB300-RED/GLD-L	RED/GLD	L	ADIDAS	ADIKBB300-RED-GLD.jpg
ADIKBB300-RED/GLD-M	RED/GLD	M	ADIDAS	ADIKBB300-RED-GLD.jpg
ADIKBB300-RED/GLD-S	RED/GLD	S	ADIDAS	ADIKBB300-RED-GLD.jpg
ADIKBB300-RED/GLD-XL	RED/GLD	XL	ADIDAS	ADIKBB300-RED-GLD.jpg
ADIKBPF300-BLK/GLD-L	BLK/GLD	L	ADIDAS	ADIKBPF300-BLK-GLD.jpg
ADIKBPF300-BLK/GLD-M	BLK/GLD	M	ADIDAS	ADIKBPF300-BLK-GLD.jpg
ADIKBPF300-BLK/GLD-S	BLK/GLD	S	ADIDAS	ADIKBPF300-BLK-GLD.jpg
ADIKBPF300-BLK/GLD-XL	BLK/GLD	XL	ADIDAS	ADIKBPF300-BLK-GLD.jpg
ADIKBPF300-BLU/SIL-L	BLU/SIL	L	ADIDAS	ADIKBPF300-BLU-SIL.jpg
ADIKBPF300-BLU/SIL-M	BLU/SIL	M	ADIDAS	ADIKBPF300-BLU-SIL.jpg
ADIKBPF300-BLU/SIL-S	BLU/SIL	S	ADIDAS	ADIKBPF300-BLU-SIL.jpg
ADIKBPF300-BLU/SIL-XL	BLU/SIL	XL	ADIDAS	ADIKBPF300-BLU-SIL.jpg
ADIKBPF300-RED/GLD-L	RED/GLD	L	ADIDAS	ADIKBPF300-RED-GLD.jpg
ADIKBPF300-RED/GLD-M	RED/GLD	M	ADIDAS	ADIKBPF300-RED-GLD.jpg
ADIKBPF300-RED/GLD-S	RED/GLD	S	ADIDAS	ADIKBPF300-RED-GLD.jpg
ADIKBPF300-RED/GLD-XL	RED/GLD	XL	ADIDAS	ADIKBPF300-RED-GLD.jpg
ADIKBSI300-RED/GLD-L	RED/GLD	L	ADIDAS	ADIKBSI300-RED-GLD.jpg
ADIKBSI300-RED/GLD-M	RED/GLD	M	ADIDAS	ADIKBSI300-RED-GLD.jpg
ADIKBSI300-RED/GLD-XL	RED/GLD	XL	ADIDAS	ADIKBSI300-RED-GLD.jpg
ADIKBUN100S-BLK/WHT-120	Negro, Blanco	120CM	ADIDAS	ADIKBUN100S-BLK_WHT-120.jpg
ADIKBUN100S-BLK/WHT-130	Negro, Blanco	130CM	ADIDAS	ADIKBUN100S-BLK_WHT-120.jpg
ADIKBUN100S-BLK/WHT-140	Negro, Blanco	140CM	ADIDAS	ADIKBUN100S-BLK_WHT-120.jpg
ADIKBUN100S-BLK/WHT-150	Negro, Blanco	150CM	ADIDAS	ADIKBUN100S-BLK_WHT-120.jpg
ADIKBUN100S-RED/WHT-120	Rojo, Blanco	120CM	ADIDAS	ADIKBUN100S-RED_WHT-120.jpg
ADIKBUN100S-RED/WHT-130	Rojo, Blanco	130CM	ADIDAS	ADIKBUN100S-RED_WHT-120.jpg
ADIKBUN100S-RED/WHT-140	Rojo, Blanco	140CM	ADIDAS	ADIKBUN100S-RED_WHT-120.jpg
ADIKBUN100S-RED/WHT-150	Rojo, Blanco	150CM	ADIDAS	ADIKBUN100S-RED_WHT-120.jpg
ADIKBUN100S-ROY/WHT-120	Royal, Blanco	120CM	ADIDAS	ADIKBUN100S-ROY_WHT-120.jpg
ADIKBUN100S-ROY/WHT-130	Royal, Blanco	130CM	ADIDAS	ADIKBUN100S-ROY_WHT-120.jpg
ADIKBUN100S-ROY/WHT-140	Royal, Blanco	140CM	ADIDAS	ADIKBUN100S-ROY_WHT-120.jpg
ADIKBUN100S-ROY/WHT-150	Royal, Blanco	150CM	ADIDAS	ADIKBUN100S-ROY_WHT-120.jpg
ADIMATS02-WKF/BLK-BLU-L	Negro, Azul	L	ADIDAS	ADIMATS02-WKF-BLK-BLU.jpg
ADIMATS02-WKF/BLK-BLU-M	Negro, Azul	M	ADIDAS	ADIMATS02-WKF-BLK-BLU.jpg
ADIMATS02-WKF/BLK-BLU-S	Negro, Azul	S	ADIDAS	ADIMATS02-WKF-BLK-BLU.jpg
ADIMATS02-WKF/BLK-BLU-XL	Negro, Azul	XL	ADIDAS	ADIMATS02-WKF-BLK-BLU.jpg
ADIMATS02-WKF/BLK-BLU-XS	Negro, Azul	XS	ADIDAS	ADIMATS02-WKF-BLK-BLU.jpg
ADIMATS02-WKF/BLK-RED-L	Negro, Rojo	L	ADIDAS	ADIMATS02-WKF-BLK-RED.jpg
ADIMATS02-WKF/BLK-RED-M	Negro, Rojo	M	ADIDAS	ADIMATS02-WKF-BLK-RED.jpg
ADIMATS02-WKF/BLK-RED-S	Negro, Rojo	S	ADIDAS	ADIMATS02-WKF-BLK-RED.jpg
ADIMATS02-WKF/BLK-RED-XL	Negro, Rojo	XL	ADIDAS	ADIMATS02-WKF-BLK-RED.jpg
ADIMATS02-WKF/BLK-RED-XS	Negro, Rojo	XS	ADIDAS	ADIMATS02-WKF-BLK-RED.jpg
ADIP01/L	Rojo, Azul	L	ADIDAS	ADIP01_S.jpg
ADIP01/M	Rojo, Azul	M	ADIDAS	ADIP01_S.jpg
ADIP01/S	Rojo, Azul	S	ADIDAS	ADIP01_S.jpg
ADIP01/XL	Rojo, Azul	XL	ADIDAS	ADIP01_S.jpg
ADIP03/BLU-L	Blanco, Negro	XS	ADIDAS	ADIP03-BLU.jpg
ADIP03/BLU-M	Blanco, Negro	XS	ADIDAS	ADIP03-BLU.jpg
ADIP03/BLU-S	Blanco, Negro	XS	ADIDAS	ADIP03-BLU.jpg
ADIP03/BLU-XL	Blanco, Negro	XS	ADIDAS	ADIP03-BLU.jpg
ADIP03/BLU-XS	Blanco, Negro	XS	ADIDAS	ADIP03-BLU.jpg
ADIP03/BLU-XXL	Blanco, Negro	XS	ADIDAS	ADIP03-BLU.jpg
ADIP03/BLU-XXS	Blanco, Negro	XS	ADIDAS	ADIP03-BLU.jpg
ADIPFP01M	Negro, Dorado		ADIDAS	ADIPFP01M.jpg
ADIPGG01M-WHT/BLK-L	Negro, Plateado	M	ADIDAS	ADIPGG01M-WHT-BLK.jpg
ADIPGG01M-WHT/BLK-M	Negro, Plateado	M	ADIDAS	ADIPGG01M-WHT-BLK.jpg
ADIPGG01M-WHT/BLK-XL	Negro, Plateado	M	ADIDAS	ADIPGG01M-WHT-BLK.jpg
ADIPGG01PRO/BLK-L	negro, Plateado	L	ADIDAS	ADIPGG01PRO_BLK.jpg
ADIPGG01PRO/BLK-M	Negro, Plateado	M	ADIDAS	ADIPGG01PRO_BLK.jpg
ADIPGG01PRO/BLU-L	Azul, Plateado	L	ADIDAS	ADIPGG01PRO_BLU.jpg
ADIPGG01PRO/BLU-M	Azul, Plateado	M	ADIDAS	ADIPGG01PRO_BLU.jpg
ADIPHG01/L	Negro, Dorado	L	ADIDAS	ADIPHG01.jpg
ADIPHG01/M	Negro, Dorado	M	ADIDAS	ADIPHG01.jpg
ADIPHG01/S	Negro, Dorado	S	ADIDAS	ADIPHG01.jpg
ADIPHG01/XL	Negro, Dorado	XL	ADIDAS	ADIPHG01.jpg
ADIPHG01M/WHT/BLK-L	Negro, Dorado	S	ADIDAS	ADIPHG01M-WHT-BLK.jpg
ADIPHG01M/WHT/BLK-M	Negro, Dorado	S	ADIDAS	ADIPHG01M-WHT-BLK.jpg
ADIPHG01M/WHT/BLK-XL	Negro, Dorado	S	ADIDAS	ADIPHG01M-WHT-BLK.jpg
ADIPHG01PRO/L	Azul, Plateado	L	ADIDAS	ADIPHG01PRO.jpg
ADIPHG01PRO/M	Azul, Plateado	M	ADIDAS	ADIPHG01PRO.jpg
ADIPHG01PRO/S	Azul, Plateado	S	ADIDAS	ADIPHG01PRO.jpg
ADIPHG01PRO/XL	Azul, Plateado	XL	ADIDAS	ADIPHG01PRO.jpg
ADIPT01	Negro		ADIDAS	ADIPT01.jpg
ADIRHP01-L/XL-BLK	Negro, Blanco	BLK	ADIDAS	ADIRHP01-L-XL-BLK.jpg
ADIRHP01-S/M-BLK	Negro, Blanco	BLK	ADIDAS	ADIRHP01-L-XL-BLK.jpg
ADISBAC014-BLK/GREY	Negro, Gris	24X19X4CM	ADIDAS	ADISBAC014-BLK-GREY.jpg
ADISBAC014-RED/SIL	Rojo, Plateado	24X19X4CM	ADIDAS	ADISBAC014-RED-SIL.jpg
ADISBAC014-ROY/GLD	Royal, Dorado	24X19X4CM	ADIDAS	ADISBAC014-ROY-GLD.jpg
ADISBG175-3.0/BLK-10OZ	Rojo, Blanco	12OZ	ADIDAS	ADISBG175-3-0-BLK.jpg
ADISBG175-3.0/BLK-12OZ	Rojo, Blanco	12OZ	ADIDAS	ADISBG175-3-0-BLK.jpg
ADISBG175-3.0/BLK-14OZ	Rojo, Blanco	12OZ	ADIDAS	ADISBG175-3-0-BLK.jpg
ADISBG175-3.0/RED-10OZ	Rojo, Blanco	12OZ	ADIDAS	ADISBG175-3-0-RED.jpg
ADISBG175-3.0/RED-12OZ	Rojo, Blanco	12OZ	ADIDAS	ADISBG175-3-0-RED.jpg
ADISBG175-3.0/RED-14OZ	Rojo, Blanco	12OZ	ADIDAS	ADISBG175-3-0-RED.jpg
ADISBG175-3.0/ROY-10OZ	Rojo, Blanco	12OZ	ADIDAS	ADISBG175-3-0-ROY.jpg
ADISBG175-3.0/ROY-12OZ	Rojo, Blanco	12OZ	ADIDAS	ADISBG175-3-0-ROY.jpg
ADISBG175-3.0/ROY-14OZ	Rojo, Blanco	12OZ	ADIDAS	ADISBG175-3-0-ROY.jpg
ADISBG175/12OZ	Rojo, Blanco	12OZ	ADIDAS	ADISBG175-12OZ.jpg
ADISBG175/14OZ	Negro, Blanco	14OZ	ADIDAS	ADISBG175-14OZ.jpg
ADISBG50-ALM/GLD-10OZ	ALM/GLD	10OZ	ADIDAS	ADISBG50-ALM-GLD.jpg
ADISBG50-ALM/GLD-12OZ	ALM/GLD	12OZ	ADIDAS	ADISBG50-ALM-GLD.jpg
ADISBG50-ALM/GLD-14OZ	ALM/GLD	14OZ	ADIDAS	ADISBG50-ALM-GLD.jpg
ADISBG50-ALM/GLD-16OZ	ALM/GLD	16OZ	ADIDAS	ADISBG50-ALM-GLD.jpg
ADISBG50-ALM/GLD-4OZ	ALM/GLD	4OZ	ADIDAS	ADISBG50-ALM-GLD.jpg
ADISBG50-ALM/GLD-6OZ	ALM/GLD	6OZ	ADIDAS	ADISBG50-ALM-GLD.jpg
ADISBG50-ALM/GLD-8OZ	Rojo, Plateado	10OZ	ADIDAS	ADISBG50-ALM-GLD.jpg
ADISBG50-BLK/GLD-04OZ	Negro, Dorado	10OZ	ADIDAS	ADISBG50-BLK-GLD.jpg
ADISBG50-BLK/GLD-06OZ	Negro, Dorado	10OZ	ADIDAS	ADISBG50-BLK-GLD.jpg
ADISBG50-BLK/GLD-08OZ	Negro, Dorado	10OZ	ADIDAS	ADISBG50-BLK-GLD.jpg
ADISBG50-BLK/GLD-16OZ	BLK/GLD	16OZ	ADIDAS	ADISBG50-BLK-GLD.jpg
ADISBG50-GREY/GLD-10OZ	GREY/GLD	10OZ	ADIDAS	ADISBG50-GREY-GLD.jpg
ADISBG50-GREY/GLD-4OZ	GREY/GLD	4OZ	ADIDAS	ADISBG50-GREY-GLD.jpg
ADISBG50-GREY/GLD-6OZ	GREY/GLD	6OZ	ADIDAS	ADISBG50-GREY-GLD.jpg
ADISBG50-GREY/GLD-8OZ	Rojo, Plateado	10OZ	ADIDAS	ADISBG50-GREY-GLD.jpg
ADISBG50-PNK/SIL-16OZ	Rosado, Plateado	16OZ	ADIDAS	ADISBG50-PNK-SIL.jpg
ADISBG500-23-GREEN/GLD-12OZ	23	GREEN/GLD-12OZ	ADIDAS	ADISBG500-GRN-GLD.jpg
ADISBG500-23-GREEN/GLD-14OZ	23	GREEN/GLD-14OZ	ADIDAS	ADISBG500-GRN-GLD.jpg
ADISBG500-23-WHT/BLK-12OZ	23	WHT/BLK-12OZ	ADIDAS	ADISBG500-WHT-BLK.jpg
ADISBG500-23-WHT/BLK-14OZ	23	WHT/BLK-14OZ	ADIDAS	ADISBG500-WHT-BLK.jpg
ADISBG500-23-WHT/BLK-16OZ	23	WHT/BLK-16OZ	ADIDAS	ADISBG500-WHT-BLK.jpg
ADISBG500-23-WHT/BLK-18OZ	23	WHT/BLK-18OZ	ADIDAS	ADISBG500-WHT-BLK.jpg
ADISBG500PRO/BLK-14OZ	Negro, Plateado, Dorado	14OZ	ADIDAS	ADISBG500PRO_BLK.jpg
ADISBG500PRO/BLK-16OZ	Negro, Plateado, Dorado	16OZ	ADIDAS	ADISBG500PRO_BLK.jpg
ADISBG500PRO/BLU-12OZ	Azul, Rojo, Plateado	12OZ	ADIDAS	ADISBG500PRO_BLU.jpg
ADISBG500PRO/BLU-14OZ	Azul, Rojo, Plateado	14OZ	ADIDAS	ADISBG500PRO_BLU.jpg
ADISBG500PRO/BLU-16OZ	Azul, Rojo, Plateado	16OZ	ADIDAS	ADISBG500PRO_BLU.jpg
ADISBG500PRO/GOLD-12OZ	Dorado, Plateado, Negro	12OZ	ADIDAS	ADISBG500PRO_GOLD.jpg
ADISBG500PRO/GOLD-14OZ	Dorado, Plateado, Negro	14OZ	ADIDAS	ADISBG500PRO_GOLD.jpg
ADISBG500PRO/GOLD-16OZ	Dorado, Plateado, Negro	16OZ	ADIDAS	ADISBG500PRO_GOLD.jpg
ADISBG500PRO/RED-12OZ	Rojo, Dorado, Plateado	12OZ	ADIDAS	ADISBG500PRO_RED.jpg
ADISBG500PRO/RED-14OZ	Rojo, Dorado, Plateado	14OZ	ADIDAS	ADISBG500PRO_RED.jpg
ADISBG500PRO/RED-16OZ	Rojo, Dorado, Plateado	16OZ	ADIDAS	ADISBG500PRO_RED.jpg
ADISBG501PRO/BLK-12OZ	Negro, Plateado, Dorado	12OZ	ADIDAS	ADISBG501PRO_BLK.jpg
ADISBG501PRO/BLK-14OZ	Negro, Plateado, Dorado	14OZ	ADIDAS	ADISBG501PRO_BLK.jpg
ADISBG501PRO/BLK-16OZ	Negro, Plateado, Dorado	16OZ	ADIDAS	ADISBG501PRO_BLK.jpg
ADISBG501PRO/BLU-12OZ	Azul, Rojo, Plateado	12OZ	ADIDAS	ADISBG501PRO_BLU.jpg
ADISBG501PRO/BLU-14OZ	Azul, Rojo, Plateado	14OZ	ADIDAS	ADISBG501PRO_BLU.jpg
ADISBG501PRO/GOLD-12OZ	Negro, Dorado, Plateado	12OZ	ADIDAS	ADISBG501PRO_GOLD.jpg
ADISBG501PRO/GOLD-14OZ	Negro, Dorado, Plateado	14OZ	ADIDAS	ADISBG501PRO_GOLD.jpg
ADISBG501PRO/GOLD-16OZ	Negro, Dorado, Plateado	16OZ	ADIDAS	ADISBG501PRO_GOLD.jpg
ADISBG501PRO/RED-12OZ	Rojo, Dorado, Plateado	12OZ	ADIDAS	ADISBG501PRO_RED.jpg
ADISBG501PRO/RED-14OZ	Rojo, Dorado, Plateado	14OZ	ADIDAS	ADISBG501PRO_RED.jpg
ADISBG501PRO/RED-16OZ	Rojo, Dorado, Plateado	16OZ	ADIDAS	ADISBG501PRO_RED.jpg
ADISBG750-10OZ			ADIDAS	ADISBG-750.jpg
ADISBHG041-BLK/GREY-L	Negro	S	ADIDAS	ADISBHG041-BLK-GREY.jpg
ADISBHG041-BLK/GREY-M	Negro	S	ADIDAS	ADISBHG041-BLK-GREY.jpg
ADISBHG041-BLK/GREY-S	Negro	S	ADIDAS	ADISBHG041-BLK-GREY.jpg
ADISBHG041-BLK/GREY-XL	Negro	S	ADIDAS	ADISBHG041-BLK-GREY.jpg
ADISBHG041-RED/SIL-L	Negro	S	ADIDAS	ADISBHG041-RED-SIL.jpg
ADISBHG041-RED/SIL-M	Negro	S	ADIDAS	ADISBHG041-RED-SIL.jpg
ADISBHG041-RED/SIL-S	Negro	S	ADIDAS	ADISBHG041-RED-SIL.jpg
ADISBHG041-RED/SIL-XL	Negro	S	ADIDAS	ADISBHG041-RED-SIL.jpg
ADISBHG041-ROY/GLD-L	Negro	S	ADIDAS	ADISBHG041-ROY-GLD.jpg
ADISBHG041-ROY/GLD-M	Negro	S	ADIDAS	ADISBHG041-ROY-GLD.jpg
ADISBHG041-ROY/GLD-S	Negro	S	ADIDAS	ADISBHG041-ROY-GLD.jpg
ADISBHG041-ROY/GLD-XL	Negro	S	ADIDAS	ADISBHG041-ROY-GLD.jpg
ADISBHG041-WHT/BLK-L	Negro	S	ADIDAS	ADISBHG041-WHT-BLK.jpg
ADISBHG041-WHT/BLK-M	Negro	S	ADIDAS	ADISBHG041-WHT-BLK.jpg
ADISBHG041-WHT/BLK-S	Negro	S	ADIDAS	ADISBHG041-WHT-BLK.jpg
ADISBHG041-WHT/BLK-XL	Negro	S	ADIDAS	ADISBHG041-WHT-BLK.jpg
ADISBP01	Negro, Dorado		ADIDAS	ADISBP01.jpg
ADISBP012-BLK/GLD-L/XL	Negro, Dorado	L/XL	ADIDAS	ADISBP012-BLK-GLD.jpg
ADISBP012-BLK/GLD-S/M	Negro, Dorado	S/M	ADIDAS	ADISBP012-BLK-GLD.jpg
ADISBP012-BLK/WHT-L/XL	Negro, Blanco	L/XL	ADIDAS	ADISBP012-BLK-WHT-S-M.jpg
ADISBP012-BLK/WHT-S/M	Negro, Blanco	S/M	ADIDAS	ADISBP012-BLK-WHT-S-M.jpg
ADISBP014-BLK/GLD-L/XL	Negro, Dorado	L/XL	ADIDAS	ADISBP012-BLK-GLD.jpg
ADISBP014-BLK/GLD-S/M	Negro, Dorado	S/M	ADIDAS	ADISBP012-BLK-GLD.jpg
ADISBP014-BLK/PNK-S/M	Negro, Rosado	S/,	ADIDAS	ADISBP014-BLK_PNK.jpg
ADISBP014-BLK/WHT-L/XL	Negro, Blanco	L/XL	ADIDAS	ADISBP014-BLK_WHT.jpg
ADISBP014-BLK/WHT-S/M	Negro, Blanco	S/M	ADIDAS	ADISBP014-BLK_WHT.jpg
ADISBP022S-BLK/BLK/S	Negro	S	ADIDAS	ADISBP0225-BLK-BLK.jpg
ADISBP022S-BLK/BLK/XL	Negro	XL	ADIDAS	ADISBP0225-BLK-BLK.jpg
ADISBP022S-BLK/BLK/XS	Negro	XS	ADIDAS	ADISBP0225-BLK-BLK.jpg
ADISBP022S-RED/BLK/L	Rojo, Negro	L/XL	ADIDAS	ADISBP0225-RED-BLK.jpg
ADISBP022S-RED/BLK/M	Rojo, Negro	M	ADIDAS	ADISBP0225-RED-BLK.jpg
ADISBP022S-RED/BLK/S	Rojo, Negro	S	ADIDAS	ADISBP0225-RED-BLK.jpg
ADISBP022S-RED/BLK/XL	Rojo, Negro	XL	ADIDAS	ADISBP0225-RED-BLK.jpg
ADISBP022S-RED/BLK/XS	Rojo, Negro	XS	ADIDAS	ADISBP0225-RED-BLK.jpg
ADISBP022S-ROY/BLK/L	Royal,Negro	L/XL	ADIDAS	ADISBP0225-ROY-BLK.jpg
ADISBP022S-ROY/BLK/M	Royal,Negro	M	ADIDAS	ADISBP0225-ROY-BLK.jpg
ADISBP022S-ROY/BLK/S	Royal,Negro	S	ADIDAS	ADISBP0225-ROY-BLK.jpg
ADISBP022S-ROY/BLK/XL	Royal,Negro	XL	ADIDAS	ADISBP0225-ROY-BLK.jpg
ADISBP022S-ROY/BLK/XS	Royal,Negro	XS	ADIDAS	ADISBP0225-ROY-BLK.jpg
ADISDP01-BLK/GLD	Negro, Blanco	GLD	ADIDAS	ADISDP01-BLK-GLD.jpg
ADISDP01-BLK/WHT	Negro, Blanco	WHT	ADIDAS	ADISDP01-BLK-WHT.jpg
ADISMB01-BLK/GLD-L	BLK/GLD	L	ADIDAS	ADISMB01-BLK_GLD.jpg
ADISMB01-BLK/GLD-M	BLK/GLD	M	ADIDAS	ADISMB01-BLK_GLD.jpg
ADISMB01-BLK/GLD-S	BLK/GLD	S	ADIDAS	ADISMB01-BLK_GLD.jpg
ADISMB01-BLK/GLD-XL	BLK/GLD	XL	ADIDAS	ADISMB01-BLK_GLD.jpg
ADISMB01-BLU/WHT-L	BLU/WHT	L	ADIDAS	ADISMB01-BLU_WHT.jpg
ADISMB01-BLU/WHT-M	Azul, Blanco	M	ADIDAS	ADISMB01-BLU_WHT.jpg
ADISMB01-BLU/WHT-S	BLU/WHT	S	ADIDAS	ADISMB01-BLU_WHT.jpg
ADISMB01-RED/WHT-L	Rojo, Blanco	L	ADIDAS	ADISMB01-RED_WHT.jpg
ADISMB01-RED/WHT-S	RED/WHT	S	ADIDAS	ADISMB01-RED_WHT.jpg
ADISMB01-RED/WHT-XL	Rojo, Blanco	XL	ADIDAS	ADISMB01-RED_WHT.jpg
ADISMB03-BLK/GLD-L	Negro, Dorado	L	ADIDAS	ADISMB03-BLK_GLD.jpg
ADISMB03-BLK/GLD-M	Negro, Dorado	M	ADIDAS	ADISMB03-BLK_GLD.jpg
ADISPD350GG-BLK/GLD-L	Negro	L	ADIDAS	ADISPD350GG-BLK-GLD.jpg
ADISPD350GG-BLK/GLD-M	Negro	L	ADIDAS	ADISPD350GG-BLK-GLD.jpg
ADISPD350GG-BLK/GLD-XL	Negro	L	ADIDAS	ADISPD350GG-BLK-GLD.jpg
ADISPD350HG-BLK/GLD-L	Negro	S	ADIDAS	ADISPD350HG-BLK-GLD.jpg
ADISPD350HG-BLK/GLD-M	Negro	S	ADIDAS	ADISPD350HG-BLK-GLD.jpg
ADISPD350HG-BLK/GLD-XL	Negro	S	ADIDAS	ADISPD350HG-BLK-GLD.jpg
ADISPD400FM-BLK/WHT	Negro, Blanco	WHT	ADIDAS	ADISPD400FM-BLK-WHT.jpg
ADISPD400FM-MQ-BLK/SIL/PNK	Negro, Blanco	BLK/SIL/PNK	ADIDAS	ADISPD400FM-MQ.jpg
ADISPD50FM-BLK/WHT	Negro, Blanco	WHT	ADIDAS	ADISPD50FM-BLK-WHT.jpg
ADISS01CS/L	Negro, Blanco	L	ADIDAS	ADISS01CS-L.jpg
ADISS01CS/XL	Negro, Blanco	XL	ADIDAS	ADISS01CS-L.jpg
ADISS01CS/XXL	Negro, Blanco	XXL	ADIDAS	ADISS01CS-L.jpg
ADISSS01	Dorado, Negro		ADIDAS	ADISSS01.jpg
ADITHGM01-RED/XS	RED	XS	ADIDAS	ADITHGM01-RED.jpg
ADITHK01/BLK	Negro	BLK	ADIDAS	ADITHK01_BLK.jpg
ADITHT350V-BLK/BLK-10OZ	Negro	6OZ	ADIDAS	ADITHT350V-BLK-BLK.jpg
ADITHT350V-BLK/BLK-12OZ	Negro	6OZ	ADIDAS	ADITHT350V-BLK-BLK.jpg
ADITHT350V-BLK/BLK-14OZ	Negro	6OZ	ADIDAS	ADITHT350V-BLK-BLK.jpg
ADITHT350V-BLK/BLK-16OZ	Negro	6OZ	ADIDAS	ADITHT350V-BLK-BLK.jpg
ADITHT350V-RED/BLK-10OZ	Negro	6OZ	ADIDAS	ADITHT350V-RED-BLK.jpg
ADITHT350V-RED/BLK-12OZ	Negro	6OZ	ADIDAS	ADITHT350V-RED-BLK.jpg
ADITHT350V-RED/BLK-14OZ	Negro	6OZ	ADIDAS	ADITHT350V-RED-BLK.jpg
ADITHT350V-ROY/BLK-10OZ	Negro	6OZ	ADIDAS	ADITHT350V-ROY-BLK.jpg
ADITHT350V-ROY/BLK-12OZ	Negro	6OZ	ADIDAS	ADITHT350V-ROY-BLK.jpg
ADITHT350V-ROY/BLK-14OZ	Negro	6OZ	ADIDAS	ADITHT350V-ROY-BLK.jpg
ADITLTS/WHT-L	Blanco, Negro	L	ADIDAS	ADITLTS-WHT.jpg
ADITLTS/WHT-M	Blanco, Negro	L	ADIDAS	ADITLTS-WHT.jpg
ADITLTS/WHT-S	Blanco, Negro	L	ADIDAS	ADITLTS-WHT.jpg
ADITLTS/WHT-XL	Blanco, Negro	L	ADIDAS	ADITLTS-WHT.jpg
ADITLTS/WHT-XXL	Blanco, Negro	L	ADIDAS	ADITLTS-WHT.jpg
ADITP300/12OZ	Negro, Blanco	12OZ	ADIDAS	ADITP300-12OZ.jpg
ADITP300/14OZ	Negro, Blanco	14OZ	ADIDAS	ADITP300-12OZ.jpg
ADITP300/16OZ	Negro, Blanco	16OZ	ADIDAS	ADITP300-12OZ.jpg
ADITSG2/V2T-BLK/RED-L	Negro, Rojo	L	ADIDAS	ADITSG2_V2T-BLK_RED.jpg
ADITSG2/V2T-BLK/WHT-L	Negro, Blanco	L	ADIDAS	ADITSG2_V2T-BLK_WHT.jpg
ADITSG2/V2T-WHT/BLK-L	Blanco, Negro	L	ADIDAS	ADITSG2V2T-WHT_BLK.jpg
ADITSG2/V2T-WHT/BLU-L	Blanco, Azul	L	ADIDAS	ADITSG2V2T-WHT_BLU.jpg
ADITSG2V2T-BLK/RED-L	Negro, Rojo	L	ADIDAS	ADITSG2V2T-BLK_RED.jpg
ADITSG2V2T-BLK/WHT-XL	Negro, Blanco	XL	ADIDAS	ADITSG2V2T-BLK_WHT.jpg
ADITSG2V2T-WHT/BLK-L	Negro, Blanco	L	ADIDAS	ADITSG2V2T-WHT_BLK.jpg
ADITSG2V2T-WHT/BLK-S	Negro, Blanco	S	ADIDAS	ADITSG2V2T-WHT_BLK.jpg
ADITSG2V2T-WHT/BLU-L	Negro, Blanco	L	ADIDAS	ADITSG2V2T-WHT_BLU.jpg
ADIWAKOG2-BLU/10OZ	BLU	10OZ	ADIDAS	ADIWAKOG2-BLU.jpg
ADIWAKOG2-BLU/12OZ	BLU	12OZ	ADIDAS	ADIWAKOG2-BLU.jpg
ADIWAKOG2-BLU/14OZ	BLU	14OZ	ADIDAS	ADIWAKOG2-BLU.jpg
ADIWAKOG2-BLU/16OZ	BLU	16OZ	ADIDAS	ADIWAKOG2-BLU.jpg
ADIWAKOG2-RED/10OZ	RED	10OZ	ADIDAS	ADIWAKOG2-RED.jpg
ADIWAKOG2-RED/12OZ	RED	12OZ	ADIDAS	ADIWAKOG2-RED.jpg
ADIWAKOG2-RED/14OZ	RED	14OZ	ADIDAS	ADIWAKOG2-RED.jpg
ADIWAKOG2-RED/16OZ	RED	16OZ	ADIDAS	ADIWAKOG2-RED.jpg
ADIWAKOST1-BLK-L	Negro	L	ADIDAS	ADIWAKOST1-BLK.jpg
ADIWAKOST1-BLU-L	Azul	L	ADIDAS	ADIWAKOST1-BLU.jpg
ADIWAKOST1-BLU-M	Azul	M	ADIDAS	ADIWAKOST1-BLU.jpg
ADIWAKOST1-BLU-S	BLU	S	ADIDAS	ADIWAKOST1-BLU.jpg
ADIWAKOST1-BLU-XL	BLU	XL	ADIDAS	ADIWAKOST1-BLU.jpg
ADIWAKOST1-RED-L	RED	L	ADIDAS	ADIWAKOST1-RED.jpg
ADIWAKOST1-RED-M	RED	M	ADIDAS	ADIWAKOST1-RED.jpg
ADIWAKOST1-RED-S	RED	S	ADIDAS	ADIWAKOST1-RED.jpg
ADIWAKOST1-RED-XL	RED	XL	ADIDAS	ADIWAKOST1-RED.jpg
ADIWAKOST1-WHT-L	Blanco	L	ADIDAS	ADIWAKOST1-WHT.jpg
ADIWAKOST1-WHT-M	Blanco	M	ADIDAS	ADIWAKOST1-WHT.jpg
ADIWAKOST1-WHT-XL	Blanco	XL	ADIDAS	ADIWAKOST1-WHT.jpg
ADIWBCSH01-HGREY/BLK-L	HGREY/BLK	L	ADIDAS	ADIWBCSH01-HGREY-BLK.jpg
ADIWBCSH01-HGREY/BLK-M	HGREY/BLK	M	ADIDAS	ADIWBCSH01-HGREY-BLK.jpg
ADIWBCSH01-HGREY/BLK-S	HGREY/BLK	S	ADIDAS	ADIWBCSH01-HGREY-BLK.jpg
ADIWBCTS2/BLK-L	Blanco, Negro	L	ADIDAS	ADIWBCTS2-BLK.jpg
ADIWBCTS2/BLK-M	Blanco, Negro	L	ADIDAS	ADIWBCTS2-BLK.jpg
ADIWBCTS2/BLK-S	Blanco, Negro	L	ADIDAS	ADIWBCTS2-BLK.jpg
ADIWBCTS24/BLK-L	Blanco, Negro	L	ADIDAS	ADIWBCTS24-BLK.jpg
ADIWBCTS24/BLK-M	Blanco, Negro	L	ADIDAS	ADIWBCTS24-BLK.jpg
ADIWBCTS24/BLK-S	Blanco, Negro	L	ADIDAS	ADIWBCTS24-BLK.jpg
ADIWBCTS24/BLK-XL	Blanco, Negro	L	ADIDAS	ADIWBCTS24-BLK.jpg
ADIWBCTS24/BLK-XXL	Blanco, Negro	L	ADIDAS	ADIWBCTS24-BLK.jpg
BJJRGSS03W-WHT/BLU/ORG-L	WHT/BLU/ORG	L	ADIDAS	BJJRGSS03W-WHT-BLU-ORG.jpg
BJJRGSS03W-WHT/BLU/ORG-M	WHT/BLU/ORG	M	ADIDAS	BJJRGSS03W-WHT-BLU-ORG.jpg
BJJRGSS03W-WHT/BLU/ORG-S	WHT/BLU/ORG	S	ADIDAS	BJJRGSS03W-WHT-BLU-ORG.jpg
BJJRGSS03W-WHT/BLU/ORG-XL	WHT/BLU/ORG	XL	ADIDAS	BJJRGSS03W-WHT-BLU-ORG.jpg
BOXINGSHORT/GO/YE(M)	Amarillo	M	TKO	BOXINGSHORT-GO-YE-M.jpg
BOXINGSHORT/GO/YE(S)	Amarillo	S	TKO	BOXINGSHORT-GO-YE-S.jpg
BOXINGSHORT/RED(L)			TKO	BOXINGSHORT-RED-L.jpg
BP-01	Negro, Naranja		WESTON	IR97756.jpg
EU-VENUM-0173/BLU	NEGRO	BLU	VENUM	EU-VENUM-0173-BLU.jpg
EU-VENUM-0181	Negro	0181	VENUM	EU-VENUM-0181.jpg
EU-VENUM-0773/L	NEGRO	L	VENUM	EU-VENUM-0773.jpg
EU-VENUM-0773/M	NEGRO	M	VENUM	EU-VENUM-0773.jpg
EU-VENUM-0773/XL	NEGRO	XL	VENUM	EU-VENUM-0773.jpg
EU-VENUM-1062/L	NEGRO	L	VENUM	EU-VENUM-1062.jpg
EU-VENUM-1062/M	NEGRO	M	VENUM	EU-VENUM-1062.jpg
EU-VENUM-1062/XL	NEGRO	XL	VENUM	EU-VENUM-1062.jpg
EU-VENUM-1110-8oz	Blanco, Negro	8OZ	VENUM	EU-VENUM-1110.jpg
EU-VENUM-1392-10oz/PNK	VENUM	1392-10oz/PNK	VENUM	EU-VENUM-1392-PNK.jpg
EU-VENUM-1392-12oz/PNK	VENUM	1392-12oz/PNK	VENUM	EU-VENUM-1392-PNK.jpg
EU-VENUM-1392-14oz/PNK	VENUM	1392-14oz/PNK	VENUM	EU-VENUM-1392-PNK.jpg
EU-VENUM-1392-16oz/PNK	VENUM	1392-16oz/PNK	VENUM	EU-VENUM-1392-PNK.jpg
EU-VENUM-1392/12OZ-BLK	NEGRO	12OZ-BLK	VENUM	EU-VENUM-1392-BLK.jpg
EU-VENUM-1392/14OZ-BLK	Negro	10OZ	VENUM	EU-VENUM-1392-BLK.jpg
EU-VENUM-1392/16OZ-BLK	Negro	10OZ	VENUM	EU-VENUM-1392-BLK.jpg
FWB-001	Negro	21X75CM	WESTON	FWB-001.jpg
FX0561/42			ADIDAS	FX0561.jpg
FX0561/42.7			ADIDAS	FX0561.jpg
FX0561/43.3			ADIDAS	FX0561.jpg
FX0561/44			ADIDAS	FX0561.jpg
FX0561/44.7	Negro, Blanco	44.7	ADIDAS	FX0561.jpg
FX0561/45.3			ADIDAS	FX0561.jpg
FX0561/46			ADIDAS	FX0561.jpg
FX0561/46.7			ADIDAS	FX0561.jpg
GZ6116/42	Negro, Dorado	42	ADIDAS	GZ6116.jpg
GZ6116/44.7	Negro, Dorado	44.7	ADIDAS	GZ6116.jpg
GZ6116/45.3	Negro, Dorado	45.3	ADIDAS	GZ6116.jpg
GZ6116/46	Negro, Dorado	46	ADIDAS	GZ6116.jpg
HG-01A2/BLUE	01A2	BLUE	WESTON	HG-01A2-BLUE.jpg
HG-12PA2			WESTON	HG-12PA2.jpg
IBJJFSH01/BLK-L	BLK	L	ADIDAS	IBJJFSH01-BLK.jpg
IBJJFSH01/BLK-M	BLK	M	ADIDAS	IBJJFSH01-BLK.jpg
IBJJFSH01/BLK-S	BLK	S	ADIDAS	IBJJFSH01-BLK.jpg
IBJJFSH01/BLK-XL	BLK	XL	ADIDAS	IBJJFSH01-BLK.jpg
IR97748			WESTON	IR97748.jpg
J-IJF3/160-2	IJF3/160	2	ADIDAS	J-IJF3.jpg
J-IJF3/160-2R	IJF3/160	2R	ADIDAS	J-IJF3.jpg
J-IJF3/165-2	IJF3/165	2	ADIDAS	J-IJF3.jpg
J-IJF3/170-2	IJF3/170	2	ADIDAS	J-IJF3.jpg
J-IJF3/170-2POLY	IJF3/170	2POLY	ADIDAS	J-IJF3.jpg
J-IJF3/175-2	IJF3/175	2	ADIDAS	J-IJF3.jpg
J-IJF3/180-2	IJF3/180	2	ADIDAS	J-IJF3.jpg
J-IJF3/185-2	IJF3/185	2	ADIDAS	J-IJF3.jpg
J-IJF3/190-2	IJF3/190	2	ADIDAS	J-IJF3.jpg
J-IJF3/200-2	IJF3/200	2	ADIDAS	J-IJF3.jpg
J-IJFB3/160-2	IJFB3/160	2	ADIDAS	J-IJFB3.jpg
J-IJFB3/160-2R	IJFB3/160	2R	ADIDAS	J-IJFB3.jpg
J-IJFB3/165-2	IJFB3/165	2	ADIDAS	J-IJFB3.jpg
J-IJFB3/170-2	Azul	170CM	ADIDAS	J-IJFB3.jpg
J-IJFB3/170-2R	Azul	180CM	ADIDAS	J-IJFB3.jpg
J-IJFB3/175-2	IJFB3/175	2	ADIDAS	J-IJFB3.jpg
J-IJFB3/180-2	Azul	180CM	ADIDAS	J-IJFB3.jpg
J-IJFB3/180-2POLY	Azul	180CM	ADIDAS	J-IJFB3.jpg
J-IJFB3/185-2	IJFB3/185	2	ADIDAS	J-IJFB3.jpg
J-IJFB3/190-2	Azul	190CM	ADIDAS	J-IJFB3.jpg
J-IJFB3/200-2	Azul	190CM	ADIDAS	J-IJFB3.jpg
J200E-WB-WHT/BLU110-120	Blanco	130-140CM	ADIDAS	J200E-WB-WHT-BLU.jpg
J200E-WB-WHT/BLU120-130	Blanco	130-140CM	ADIDAS	J200E-WB-WHT-BLU.jpg
J200E-WB-WHT/BLU130-140	Blanco	130-140CM	ADIDAS	J200E-WB-WHT-BLU.jpg
J200E-WB-WHT/BLU140-150	Blanco	130-140CM	ADIDAS	J200E-WB-WHT-BLU.jpg
J200E-WB-WHT/BLU150-160	Blanco	130-140CM	ADIDAS	J200E-WB-WHT-BLU.jpg
J200E-WB-WHT/BLU160-170	Blanco	130-140CM	ADIDAS	J200E-WB-WHT-BLU.jpg
J200E-WB-WHT/PNK110-120	Blanco	130-140CM	ADIDAS	J200E-WB-WHT-PNK.jpg
J200E-WB-WHT/PNK120-130	Blanco	130-140CM	ADIDAS	J200E-WB-WHT-PNK.jpg
J200E-WB-WHT/PNK130-140	Blanco	130-140CM	ADIDAS	J200E-WB-WHT-PNK.jpg
J200E-WB-WHT/PNK140-150	Blanco	130-140CM	ADIDAS	J200E-WB-WHT-PNK.jpg
J200E-WB-WHT/PNK150-160	Blanco	130-140CM	ADIDAS	J200E-WB-WHT-PNK.jpg
J200E-WB-WHT/PNK160-170	Blanco	130-140CM	ADIDAS	J200E-WB-WHT-PNK.jpg
J200E-WB/130-140	Blanco	130-140CM	ADIDAS	J200E-WB.jpg
J200E-WB/140-150	Blanco	140-150CM	ADIDAS	J200E-WB.jpg
J250-WB/110	Blanco	110CM	ADIDAS	K200-20WB-100.jpg
J250E-WB/120-130	Azul	120-130CM	ADIDAS	J250EB.jpg
J250E-WB/130-140	Azul	130-140CM	ADIDAS	J250EB.jpg
J250E-WB/140-150	Azul	140-150CM	ADIDAS	J250EB.jpg
J250E-WB/150-160	Azul	150-160CM	ADIDAS	J250EB.jpg
J250E-WB/160-170	Azul	160-170CM	ADIDAS	J250EB.jpg
J250E-WB/170-180	Azul	170-180CM	ADIDAS	J250EB.jpg
J250E-WB/180-190	Azul	180-190CM	ADIDAS	J250EB.jpg
J250E/110-120	Blanco	110-120CM	ADIDAS	K200-20WB-100.jpg
J250E/120-130	Blanco	120-130CM	ADIDAS	K200-20WB-100.jpg
J250E/130-140	Blanco	130-140CM	ADIDAS	K200-20WB-100.jpg
J250E/140-150	Blanco	140+150CM	ADIDAS	K200-20WB-100.jpg
J250E/150-160	Blanco	150-160CM	ADIDAS	K200-20WB-100.jpg
J250E/160-170	Blanco	160-170CM	ADIDAS	K200-20WB-100.jpg
J350BP-BLU/GLD-140	Azul, Negro	140CM	ADIDAS	J350BP-BLU-GLD.jpg
J350BP-BLU/GLD-150	Azul, Negro	140CM	ADIDAS	J350BP-BLU-GLD.jpg
J350BP-BLU/GLD-160	Azul, Negro	140CM	ADIDAS	J350BP-BLU-GLD.jpg
J350BP-BLU/GLD-170	Azul, Negro	140CM	ADIDAS	J350BP-BLU-GLD.jpg
J350BP-BLU/GLD-180	Azul, Negro	140CM	ADIDAS	J350BP-BLU-GLD.jpg
J350BP/120	Azul, Negro	120CM	ADIDAS	J350BP.jpg
J350BP/130	Azul, Negro	130CM	ADIDAS	J350BP.jpg
J350BP/180	Azul, Negro	180CM	ADIDAS	J350BP.jpg
J350BP/190	Azul, Negro	190CM	ADIDAS	J350BP.jpg
J350BR-BS/120	Azul, Plateado	120CM	ADIDAS	J350BR-BS.jpg
J350BR-BS/130	Azul, Plateado	130CM	ADIDAS	J350BR-BS.jpg
J350BR-BS/140	Azul, Plateado	140CM	ADIDAS	J350BR-BS.jpg
J350BR-BS/150	Azul, Plateado	150CM	ADIDAS	J350BR-BS.jpg
J350BR-BS/160	Azul, Plateado	160CM	ADIDAS	J350BR-BS.jpg
J350BR-BS/180	Azul, Plateado	180CM	ADIDAS	J350BR-BS.jpg
J350BR-BS/190	Azul, Plateado	190CM	ADIDAS	J350BR-BS.jpg
J350BR/120	Azul, Rojo	120CM	ADIDAS	J350BR.jpg
J350BR/130	Azul, Rojo	130CM	ADIDAS	J350BR.jpg
J350BR/140	Azul, Rojo	140CM	ADIDAS	J350BR.jpg
J350BR/150	Azul, Rojo	150CM	ADIDAS	J350BR.jpg
J350BR/160	Azul, Rojo	160CM	ADIDAS	J350BR.jpg
J350BR/180	Azul, Rojo	180CM	ADIDAS	J350BR.jpg
J350BR/190	Azul, Rojo	190CM	ADIDAS	J350BR.jpg
J350BR/200	Azul, Rojo	200CM	ADIDAS	J350BR.jpg
J350P-WHT/GLD-140	Blanco, Negro	140CM	ADIDAS	J350P-WHT-GLD.jpg
J350P-WHT/GLD-150	Blanco, Negro	140CM	ADIDAS	J350P-WHT-GLD.jpg
J350P-WHT/GLD-160	Blanco, Negro	140CM	ADIDAS	J350P-WHT-GLD.jpg
J350P-WHT/GLD-170	Blanco, Negro	140CM	ADIDAS	J350P-WHT-GLD.jpg
J350P-WHT/GLD-180	Blanco, Negro	140CM	ADIDAS	J350P-WHT-GLD.jpg
J350P/120	Blanco, Negro	120CM	ADIDAS	J350P.jpg
J350P/130	Blanco, Negro	130CM	ADIDAS	J350P.jpg
J350P/140	Blanco, Negro	140CM	ADIDAS	J350P.jpg
J350P/150	Blanco, Negro	150CM	ADIDAS	J350P.jpg
J350P/180	Blanco, Negro	180CM	ADIDAS	J350P.jpg
J350P/190	Blanco, Negro	190CM	ADIDAS	J350P.jpg
J350R/120	Blanco, Rojo	120CM	ADIDAS	J350R.jpg
J350R/130	Blanco, Rojo	130CM	ADIDAS	J350R.jpg
J350R/140	Blanco, Rojo	140CM	ADIDAS	J350R.jpg
J350R/150	Blanco, Rojo	150CM	ADIDAS	J350R.jpg
J350R/160	Blanco, Rojo	160CM	ADIDAS	J350R.jpg
J350R/190	Blanco, Rojo	190CM	ADIDAS	J350R.jpg
J350R/200	Blanco, Rojo	200CM	ADIDAS	J350R.jpg
J500-150/BLU	Azul	150CM	ADIDAS	J500-BLU.jpg
J500-160/BLU	Azul	160CM	ADIDAS	J500-BLU.jpg
J500-170/BLU	Azul	170CM	ADIDAS	J500-BLU.jpg
J500-180/BLU	Azul	180CM	ADIDAS	J500-BLU.jpg
J500-190/BLU	Azul	190CM	ADIDAS	J500-BLU.jpg
J500/150-RETAIL	Blanco	150CM	ADIDAS	J500.jpg
J500/160-RETAIL	Blanco	160CM	ADIDAS	J500.jpg
J500/170-RETAIL	Blanco	170CM	ADIDAS	J500.jpg
J500/180-RETAIL	Blanco	180CM	ADIDAS	J500.jpg
J500/190-RETAIL	Blanco	190CM	ADIDAS	J500.jpg
J500/200-RETAIL	Blanco	200CM	ADIDAS	J500.jpg
J650BP-BLU/BRZ-160	BLU/BRZ	160	ADIDAS	J650BP-BLU-BRZ.jpg
J650BP-BLU/BRZ-180	BLU/BRZ	180	ADIDAS	J650BP-BLU-BRZ.jpg
J650BR-BLU/BRZ-170	BLU/BRZ	170	ADIDAS	J650BP-BLU-BRZ.jpg
J650P-WHT/BRZ-160	WHT/BRZ	160	ADIDAS	J650P-WHT-BRZ.jpg
J650P-WHT/BRZ-180	WHT/BRZ	180	ADIDAS	J650P-WHT-BRZ.jpg
JJ250-R/M0	Negro, Blanco	M0	ADIDAS	JJ250-R-M0.jpg
JJ250-R/M1	Negro, Blanco	M1	ADIDAS	JJ250-R-M0.jpg
JJ250-R/M2	Negro, Blanco	M2	ADIDAS	JJ250-R-M0.jpg
JJ250-R/M3	Negro, Blanco	M3	ADIDAS	JJ250-R-M0.jpg
JJ350-2.0-P/A0	Blanco	A0	ADIDAS	JJ350-2-0.jpg
JJ350-2.0-P/A0-BLK	Negro	A0	ADIDAS	JJ350-2-0-BLK.jpg
JJ350-2.0-P/A0-BLU	Azul	A0	ADIDAS	JJ350-2-0-BLU.jpg
JJ350-2.0-P/A1	Blanco	A1	ADIDAS	JJ350-2-0.jpg
JJ350-2.0-P/A1-BLK	Negro	A1	ADIDAS	JJ350-2-0-BLK.jpg
JJ350-2.0-P/A1-BLK/GLD	Negro	A1	ADIDAS	JJ350-2-0-BLK-GLD.jpg
JJ350-2.0-P/A1-BLU	Azul	A1	ADIDAS	JJ350-2-0-BLU.jpg
JJ350-2.0-P/A2	Blanco	A2	ADIDAS	JJ350-2-0.jpg
JJ350-2.0-P/A2-BLK	Negro	A2	ADIDAS	JJ350-2-0-BLK.jpg
JJ350-2.0-P/A2-BLK/GLD	Negro	A2	ADIDAS	JJ350-2-0-BLK-GLD.jpg
JJ350-2.0-P/A2-BLU	Azul	A3	ADIDAS	JJ350-2-0-BLU.jpg
JJ350-2.0-P/A3	Blanco	A3	ADIDAS	JJ350-2-0.jpg
JJ350-2.0-P/A3-BLK	Negro	A3	ADIDAS	JJ350-2-0-BLK.jpg
JJ350-2.0-P/A3-BLK/GLD	Negro	A3	ADIDAS	JJ350-2-0-BLK-GLD.jpg
JJ350-2.0-P/A3-BLU	Azul	A3	ADIDAS	JJ350-2-0-BLU.jpg
JJ350-2.0-P/A4	Blanco	A3	ADIDAS	JJ350-2-0.jpg
JJ350-2.0-P/A4-BLK	Negro	A4	ADIDAS	JJ350-2-0-BLK.jpg
JJ350-2.0-P/A4-BLU	Azul	A4	ADIDAS	JJ350-2-0-BLU.jpg
JR-01A	Blanco		WESTON	JR-01A.jpg
JR-04/BLK	Negro	BLK	WESTON	JR-04-BLK.jpg
JR-05/BLK	Negro	BLK	WESTON	JR-05-BLK.jpg
JR-10A	Negro		WESTON	JR-10A-BLK.jpg
JR-10A/BLUE	Azul	BLUE	WESTON	JR-10A-BLUE.jpg
JR-10A/PNK	Rosa, Negro	PNK	WESTON	JR-10A-PNK.jpg
JR-17/BLK	Negro	BLK	WESTON	JR-17Y-BLK.jpg
JR-17/YEL	Amarillo	YEL	WESTON	JR-17Y-YEL.jpg
JR32/BLUE	Azul, Negro		WESTON	JR32-BLUE.jpg
JR32/GRN	Gris		WESTON	JR32-GRN.jpg
JR32/PNK	Rosa, negro		WESTON	JR32-PNK.jpg
JR32/YEL	Amarillo		WESTON	JR32-YEL.jpg
JR46-ORG	Naranja		WESTON	JR46-ORANGE.jpg
JR46-RED	Rojo		WESTON	JR46-RED.jpg
JR46-YELL	Amarilla		WESTON	JR46-YELL.jpg
JS-306	Gris	1 MEMORIA	WESTON	JS-306.jpg
JS-316	Gris	1 MEMORIA	WESTON	JS-316.jpg
JS-319	Gris	1 MEMORIA	WESTON	JS-319.jpg
JS-608	Gris	80 MEMORIAS	WESTON	JS-608.jpg
JS-609	Gris	100 MEMORIAS	WESTON	JS-609.jpg
K0-2.0/170-WHT/SIL	Blanco, Platedo	170CM	ADIDAS	K0-2-0-WHT-SIL.jpg
K0-2.0/175-WHT/SIL	Blanco, Platedo	175CM	ADIDAS	K0-2-0-WHT-SIL.jpg
K0-2.0/180-WHT/SIL	Blanco, Platedo	180CM	ADIDAS	K0-2-0-WHT-SIL.jpg
K0-2.0/185-WHT/SIL	Blanco, Platedo	185CM	ADIDAS	K0-2-0-WHT-SIL.jpg
K0-2.0/190-WHT/SIL	Blanco, Platedo	190CM	ADIDAS	K0-2-0-WHT-SIL.jpg
K0ST-2.0/170-WHT/BLU	Blanco, Azul	170CM	ADIDAS	K0-2-0-WHT-BLU.jpg
K0ST-2.0/170-WHT/RED	Blanco, Rojo	170CM	ADIDAS	K0-2-0-WHT-RED.jpg
K0ST-2.0/175-WHT/BLU	Blanco, Azul	175CM	ADIDAS	K0-2-0-WHT-BLU.jpg
K0ST-2.0/175-WHT/RED	Blanco, Rojo	175CM	ADIDAS	K0-2-0-WHT-RED.jpg
K0ST-2.0/180-WHT/BLU	Blanco, Azul	180CM	ADIDAS	K0-2-0-WHT-BLU.jpg
K0ST-2.0/180-WHT/RED	Blanco, Rojo	180CM	ADIDAS	K0-2-0-WHT-RED.jpg
K0ST-2.0/185-WHT/BLU	Blanco, Azul	185CM	ADIDAS	K0-2-0-WHT-BLU.jpg
K0ST-2.0/185-WHT/RED	Blanco, Rojo	185CM	ADIDAS	K0-2-0-WHT-RED.jpg
K0ST-2.0/190-WHT/BLU	Blanco, Azul	190CM	ADIDAS	K0-2-0-WHT-BLU.jpg
K0ST-2.0/190-WHT/RED	Blanco, Rojo	190CM	ADIDAS	K0-2-0-WHT-RED.jpg
K200-20WB/110-POLY	Blanco	110CM	ADIDAS	K200-20WB.jpg
K200-20WB/120-POLY	Blanco	120CM	ADIDAS	K200-20WB.jpg
K200-20WB/130-POLY	Blanco	130CM	ADIDAS	K200-20WB.jpg
K200-20WB/140	Blanco	140CM	ADIDAS	K200-20WB.jpg
K200-20WB/140-POLY	Blanco	140CM	ADIDAS	K200-20WB.jpg
K200-20WB/150-POLY	20WB/150	POLY	ADIDAS	K200-20WB.jpg
K200-20WB/160-POLY	20WB/160	POLY	ADIDAS	K200-20WB.jpg
K200-20WB/170-POLY	20WB/170	POLY	ADIDAS	K200-20WB.jpg
K200-20WB/180-POLY	20WB/180	POLY	ADIDAS	K200-20WB.jpg
K200-20WB/190-POLY	20WB/190	POLY	ADIDAS	K200-20WB.jpg
K200E/120-130	Blanco	120-130CM	ADIDAS	K200E.jpg
K200E/130-140	Blanco	130-140CM	ADIDAS	K200E.jpg
K200E/140-150	Blanco	140-150CM	ADIDAS	K200E.jpg
K200E/150-160	150	160	ADIDAS	K200E.jpg
K200E/160-170	160	170	ADIDAS	K200E.jpg
K200E/170-180	170	180	ADIDAS	K200E.jpg
K200E/180-190	180	190	ADIDAS	K200E.jpg
K200E/190-200	190	200	ADIDAS	K200E.jpg
K220C/120	Blanco	120CM	ADIDAS	K220C.jpg
K220C/120-RETAIL	Blanco	120CM	ADIDAS	K220C.jpg
K220C/130	Blanco	130CM	ADIDAS	K220C.jpg
K220C/130-RETAIL	Blanco	130CM	ADIDAS	K220C.jpg
K220C/140	Blanco	140CM	ADIDAS	K220C.jpg
K220C/150	Blanco	150CM	ADIDAS	K220C.jpg
K220C/160	Blanco	160CM	ADIDAS	K220C.jpg
K220C/170	Blanco	170CM	ADIDAS	K220C.jpg
K220C/180	Blanco	180CM	ADIDAS	K220C.jpg
K220C/190	Blanco	190CM	ADIDAS	K220C.jpg
K220C/190-RETAIL	Blanco	190CM	ADIDAS	K220C.jpg
K220C/200	Blanco	200CM	ADIDAS	K220C.jpg
K220DNAWKF/140-WB	Blanco, Azul	140CM	ADIDAS	K220DNAWKF-WB.jpg
K220DNAWKF/140-WR	Blanco, Rojo	140CM	ADIDAS	K220DNAWKF-WR.jpg
K220DNAWKF/150-WB	Blanco, Azul	150CM	ADIDAS	K220DNAWKF-WB.jpg
K220DNAWKF/150-WR	Blanco, Rojo	150CM	ADIDAS	K220DNAWKF-WR.jpg
K220DNAWKF/160-WB	Blanco, Azul	160CM	ADIDAS	K220DNAWKF-WB.jpg
K220DNAWKF/160-WR	Blanco, Rojo	160CM	ADIDAS	K220DNAWKF-WR.jpg
K220DNAWKF/165-WB	Blanco, Azul	165CM	ADIDAS	K220DNAWKF-WB.jpg
K220DNAWKF/165-WR	Blanco, Rojo	165CM	ADIDAS	K220DNAWKF-WR.jpg
K220DNAWKF/170-WB	Blanco, Azul	170CM	ADIDAS	K220DNAWKF-WB.jpg
K220DNAWKF/170-WR	Blanco, Rojo	170CM	ADIDAS	K220DNAWKF-WR.jpg
K220DNAWKF/175-WB	Blanco, Azul	175CM	ADIDAS	K220DNAWKF-WB.jpg
K220DNAWKF/175-WR	Blanco, Rojo	175CM	ADIDAS	K220DNAWKF-WR.jpg
K220DNAWKF/180-WB	Blanco, Azul	180CM	ADIDAS	K220DNAWKF-WB.jpg
K220DNAWKF/180-WR	Blanco, Rojo	180CM	ADIDAS	K220DNAWKF-WR.jpg
K220DNAWKF/185-WB	Blanco, Azul	185CM	ADIDAS	K220DNAWKF-WB.jpg
K220DNAWKF/185-WR	Blanco, Rojo	185CM	ADIDAS	K220DNAWKF-WR.jpg
K220DNAWKF/190-WB	Blanco, Azul	190CM	ADIDAS	K220DNAWKF-WB.jpg
K220DNAWKF/190-WR	Blanco, Rojo	190CM	ADIDAS	K220DNAWKF-WR.jpg
K280-20/120-R	Blanco	120CM	ADIDAS	K280-20.jpg
K280-20/130-R	Blanco	130CM	ADIDAS	K280-20.jpg
K280-20/140-R	Blanco	140CM	ADIDAS	K280-20.jpg
K280-20/150-R	Blanco	150CM	ADIDAS	K280-20.jpg
K280-20/160-R	Blanco	160CM	ADIDAS	K280-20.jpg
K280-20/170-R	Blanco	170CM	ADIDAS	K280-20.jpg
K280-20/180-R	Blanco	180CM	ADIDAS	K280-20.jpg
K280-20/190-R	Blanco	190CM	ADIDAS	K280-20.jpg
K280-20/200-R	Blanco	200CM	ADIDAS	K280-20.jpg
K300/120-R	Blanco	120CM	ADIDAS	K300.jpg
K300/130	Blanco	120CM	ADIDAS	K300.jpg
K300/130-R	Blanco	130CM	ADIDAS	K300.jpg
K300/140	Blanco	120CM	ADIDAS	K300.jpg
K300/140-R	Blanco	140CM	ADIDAS	K300.jpg
K300/150	Blanco	120CM	ADIDAS	K300.jpg
K300/150-R	Blanco	150CM	ADIDAS	K300.jpg
K300/160	Blanco	120CM	ADIDAS	K300.jpg
K300/160-R	Blanco	160CM	ADIDAS	K300.jpg
K300/165	Blanco	120CM	ADIDAS	K300.jpg
K300/165-R	Blanco	165CM	ADIDAS	K300.jpg
K300/170	Blanco	120CM	ADIDAS	K300.jpg
K300/170-R	Blanco	170CM	ADIDAS	K300.jpg
K300/175	Blanco	120CM	ADIDAS	K300.jpg
K300/175-R	Blanco	175CM	ADIDAS	K300.jpg
K300/180	Blanco	120CM	ADIDAS	K300.jpg
K300/180-R	Blanco	180CM	ADIDAS	K300.jpg
K300/185	Blanco	120CM	ADIDAS	K300.jpg
K300/190	Blanco	120CM	ADIDAS	K300.jpg
K300/190-R	Blanco	190CM	ADIDAS	K300.jpg
K300/200	Blanco	120CM	ADIDAS	K300.jpg
K300/200-R	Blanco	200CM	ADIDAS	K300.jpg
K999/160	Blanco, Negro	160CM	ADIDAS	K999.jpg
K999/160-POLY	Blanco, Negro	160CM	ADIDAS	K999.jpg
K999/165	Blanco, Negro	165CM	ADIDAS	K999.jpg
K999/165-POLY	Blanco, Negro	165CM	ADIDAS	K999.jpg
K999/170	Blanco, Negro	170CM	ADIDAS	K999.jpg
K999/170-POLY	Blanco, Negro	170CM	ADIDAS	K999.jpg
K999/175	Blanco, Negro	175CM	ADIDAS	K999.jpg
K999/175-POLY	Blanco, Negro	175CM	ADIDAS	K999.jpg
K999/180	Blanco, Negro	180CM	ADIDAS	K999.jpg
K999/180-POLY	Blanco, Negro	180CM	ADIDAS	K999.jpg
K999/185	Blanco, Negro	185CM	ADIDAS	K999.jpg
K999/185-POLY	Blanco, Negro	185CM	ADIDAS	K999.jpg
K999/190	Blanco, Negro	190CCM	ADIDAS	K999.jpg
K999/190-POLY	Blanco, Negro	190CCM	ADIDAS	K999.jpg
K999/200	Blanco, Negro	190CCM	ADIDAS	K999.jpg
K999ST-WB/150	Blanco, Azul	160CM	ADIDAS	K999ST-WB.jpg
K999ST-WB/160	Blanco, Azul	160CM	ADIDAS	K999ST-WB.jpg
K999ST-WB/165	Blanco, Azul	165CM	ADIDAS	K999ST-WB.jpg
K999ST-WB/170	Blanco, Azul	170CM	ADIDAS	K999ST-WB.jpg
K999ST-WB/175	Blanco, Azul	175CM	ADIDAS	K999ST-WB.jpg
K999ST-WB/180	Blanco, Azul	180CM	ADIDAS	K999ST-WB.jpg
K999ST-WB/185	Blanco, Azul	185CM	ADIDAS	K999ST-WB.jpg
K999ST-WB/190	Blanco, Azul	180CM	ADIDAS	K999ST-WB.jpg
K999ST/150	Blanco, Rojo	160CM	ADIDAS	K999ST.jpg
K999ST/160	Blanco, Rojo	160CM	ADIDAS	K999ST.jpg
K999ST/165	Blanco, Rojo	165CM	ADIDAS	K999ST.jpg
K999ST/170	Blanco, Rojo	170CM	ADIDAS	K999ST.jpg
K999ST/175	Blanco, Rojo	175CM	ADIDAS	K999ST.jpg
K999ST/180	Blanco, Rojo	180CM	ADIDAS	K999ST.jpg
K999ST/185	Blanco, Rojo	185CM	ADIDAS	K999ST.jpg
K999ST/190	Blanco, Rojo	180CM	ADIDAS	K999ST.jpg
KIT20-R/BLACK-08OZ	BLACK	08OZ	ADIDAS	KIT20-R-SIL-BLK.jpg
KIT20-R/BLACK-10OZ	BLACK	10OZ	ADIDAS	KIT20-R-SIL-BLK.jpg
KIT21-R/BLK-08OZ	BLK	08OZ	ADIDAS	KIT21-R-SIL-BLK.jpg
KIT21-R/BLK-10OZ	BLK	10OZ	ADIDAS	KIT21-R-SIL-BLK.jpg
KIT23-BLU/BLK-12OZ	BLU/BLK	12OZ	ADIDAS	KIT23-BLU-BLK.jpg
KIT23-BLU/BLK-14OZ	BLU/BLK	14OZ	ADIDAS	KIT23-BLU-BLK.jpg
KIT23-LIM/BLK-12OZ	LIM/BLK	12OZ	ADIDAS	KIT23-LIM-BLK.jpg
KIT23-LIM/BLK-14OZ	LIM/BLK	14OZ	ADIDAS	KIT23-LIM-BLK.jpg
KIT23-RED/BLK-12OZ	RED/BLK	12OZ	ADIDAS	KIT23-RED-BLK.jpg
KIT23-RED/BLK-14OZ	RED/BLK	14OZ	ADIDAS	KIT23-RED-BLK.jpg
KIT23-SRED/BLK-12OZ	SRED/BLK	12OZ	ADIDAS	KIT23-SRED-BLK.jpg
KIT23-SRED/BLK-14OZ	SRED/BLK	14OZ	ADIDAS	KIT23-SRED-BLK.jpg
RH-00015-001	Negro	001	VENUM	RH-00015-001.jpg
RH-00026-001	Negro	001	VENUM	RH-00026-001.jpg
RH-00029-001	Negro	001	VENUM	RH-00029-001.jpg
SPD150TG/ACT-RED-10OZ	RED	10OZ	ADIDAS	SPD150TG_ACT-RED.jpg
SPD150TG/ACT-RED-12OZ	Red, Negro, Gris	12OZ	ADIDAS	SPD150TG_ACT-RED.jpg
SPD150TG/ACT-RED-14OZ	RED	14OZ	ADIDAS	SPD150TG_ACT-RED.jpg
SPD150TG/ACT-RED-16OZ	Red, Negro, Gris	16OZ	ADIDAS	SPD150TG_ACT-RED.jpg
SPD150TG/ACT-RED-8OZ	RED	8OZ	ADIDAS	SPD150TG_ACT-RED.jpg
SPD150TG/BLK-12OZ	Negro, Gris	12OZ	ADIDAS	SPD150TG-BLK-10OZ.jpg
SPD150TG/BLK-8OZ	BLK	8OZ	ADIDAS	SPD150TG-BLK-10OZ.jpg
SPD150TG/GREY-8OZ	Gris, Negro	8OZ	ADIDAS	SPD150TG-GREY-10OZ.jpg
SPD150TG/ROY-14OZ	Royal, Negro	14OZ	ADIDAS	SPD150TG_ROY.jpg
SPD150TG/ROY-8OZ	ROY	8OZ	ADIDAS	SPD150TG_ROY.jpg
SPD250TG/BLK-14OZ	Negro, Blanco	14OZ	ADIDAS	SPD250TG_BLK.jpg
SPD250TG/ROY-14OZ	Royal	14OZ	ADIDAS	SPD250TG_ROY.jpg
SS-01/XL	Negro	XL	WESTON	SS-01.jpg
SS-01/XXL	Negro	XXL	WESTON	SS-01.jpg
TR40B-BLK-L	Negro	L	ADIDAS	TR40B-BLK.jpg
TR40B-BLK-M	BLK	M	ADIDAS	TR40B-BLK.jpg
TR40B-BLU-L	Azul	L	ADIDAS	TR40B-BLU.jpg
TR40B-BLU-XS	Azul	XS	ADIDAS	TR40B-BLU.jpg
TR40B-RED-L	Rojo	L	ADIDAS	TR40B-RED.jpg
TR40B-WHT-L	Blanco	L	ADIDAS	TR40B-WHT.jpg
TR41B-BLU-L	Azul	L	ADIDAS	TR41B-BLU.jpg
TR41B-RED-L	Rojo	L	ADIDAS	TR41B-RED.jpg
TR41B-WHT-L	Blanco	L	ADIDAS	TR41B-WHT.jpg
VENUM-0173-200/XL	200	XL	VENUM	VENUM-0173-200.jpg
VENUM-0178-633/L	633	L	VENUM	VENUM-0178-633.jpg
VENUM-0178-633/M	633	M	VENUM	VENUM-0178-633.jpg
VENUM-0178-633/S	633	S	VENUM	VENUM-0178-633.jpg
VENUM-0178-633/XL	633	XL	VENUM	VENUM-0178-633.jpg
VENUM-0181-001/M	Negro, Rojo	M	VENUM	VENUM-0181-001.jpg
VENUM-0181-633/L	Negro, Rojo	L	VENUM	VENUM-0181-633.jpg
VENUM-0181-633/M	Negro, Rojo	M	VENUM	VENUM-0181-633.jpg
VENUM-0181-633/S	Negro, Rojo	S	VENUM	VENUM-0181-633.jpg
VENUM-0181-633/XL	Negro, Rojo	XL	VENUM	VENUM-0181-633.jpg
VENUM-02734-114-L/XL	114	L/XL	VENUM	VENUM-02734-114.jpg
VENUM-03052-001	Negro, Rojo		VENUM	VENUM-03052-001.jpg
VENUM-03057-001-A1	001	A1	VENUM	VENUM-03057-001.jpg
VENUM-03057-001-A1.5	001	A1.5	VENUM	VENUM-03057-001.jpg
VENUM-03057-001-A2.5	001	A2.5	VENUM	VENUM-03057-001.jpg
VENUM-03057-001-A3	001	A3	VENUM	VENUM-03057-001.jpg
VENUM-03057-001-A4	001	A4	VENUM	VENUM-03057-001.jpg
VENUM-03526-002/L	Blanco	L	VENUM	VENUM-03526-002.jpg
VENUM-03526-002/M	Blanco	M-L	VENUM	VENUM-03526-002.jpg
VENUM-03526-002/S	002	S	VENUM	VENUM-03526-002.jpg
VENUM-03526-002/XL	Blanco	XL	VENUM	VENUM-03526-002.jpg
VENUM-03526-002/XXL	Blanco	XL	VENUM	VENUM-03526-002.jpg
VENUM-03526-018/L	018	L	VENUM	VENUM-03526-018.jpg
VENUM-03526-018/M	018	M	VENUM	VENUM-03526-018.jpg
VENUM-03526-018/S	018	S	VENUM	VENUM-03526-018.jpg
VENUM-03526-018/XL	018	XL	VENUM	VENUM-03526-018.jpg
VENUM-03526-018/XXL	018	XXL	VENUM	VENUM-03526-018.jpg
VENUM-03541-108-L/XL	108	L/XL	VENUM	VENUM-03541-108.jpg
VENUM-03541-108/M	108	M	VENUM	VENUM-03541-108.jpg
VENUM-03541-108/S	108	S	VENUM	VENUM-03541-108.jpg
VENUM-03541-114/L/XL	114	L/XL	VENUM	VENUM-03541-114.jpg
VENUM-03541-114/M	114	M	VENUM	VENUM-03541-114.jpg
VENUM-03541-114/S	114	S	VENUM	VENUM-03541-114.jpg
VENUM-03738-002/A3	002	A3	VENUM	VENUM-03738-002.jpg
VENUM-03738-002/A3.5	002	A3.5	VENUM	VENUM-03738-002.jpg
VENUM-03813-533/XS	533	XS	VENUM	VENUM-03813-533.jpg
VENUM-0430-100	Negro, Rojo	2.5M	VENUM	VENUM-0430-100.jpg
VENUM-04459-018/L	018	L	VENUM	VENUM-04459-018.jpg
VENUM-04459-018/M	018	M	VENUM	VENUM-04459-018.jpg
VENUM-04600-001/L	Negro	L	VENUM	VENUM-04600-001.jpg
VENUM-04600-001/XL	001	XL	VENUM	VENUM-04600-001.jpg
VENUM-04702-001/L	001	L	VENUM	VENUM-04702-001.jpg
VENUM-04702-001/M	001	M	VENUM	VENUM-04702-001.jpg
VENUM-04703-001/M	001	M	VENUM	VENUM-04703-001.jpg
VENUM-04703-001/S	001	S	VENUM	VENUM-04703-001.jpg
VENUM-04710-109/L	109	L	VENUM	VENUM-04710-109.jpg
VENUM-04710-109/M	109	M	VENUM	VENUM-04710-109.jpg
VENUM-04710-109/S	Negro, Gris	S	VENUM	VENUM-04710-109.jpg
VENUM-04717-001/M	001	M	VENUM	VENUM-04717-001.jpg
VENUM-04717-001/S	001	S	VENUM	VENUM-04717-001.jpg
VENUM-04727-100/L	100	L	VENUM	VENUM-04727-100.jpg
VENUM-04727-100/M	100	M	VENUM	VENUM-04727-100.jpg
VENUM-04727-100/S	100	S	VENUM	VENUM-04727-100.jpg
VENUM-04756-002	Blanco	4.5M	VENUM	VENUM-04756-002.jpg
VENUM-04756-004	Azul	4.5M	VENUM	VENUM-04756-004.jpg
VENUM-04756-017	Rosa	4.5M	VENUM	VENUM-04756-017.jpg
VENUM-0480-633/L	633	L	VENUM	VENUM-0480-633.jpg
VENUM-0480-633/M	633	M	VENUM	VENUM-0480-633.jpg
VENUM-0480-633/S	633	S	VENUM	VENUM-0480-633.jpg
VENUM-0480-633/XL	633	XL	VENUM	VENUM-0480-633.jpg
VENUM-0480-633/XS	633	XS	VENUM	VENUM-0480-633.jpg
VENUM-0482-633/L	633	L	VENUM	VENUM-0482-633.jpg
VENUM-0482-633/M	633	M	VENUM	VENUM-0482-633.jpg
VENUM-0482-633/S	633	S	VENUM	VENUM-0482-633.jpg
VENUM-0482-633/XL	633	XL	VENUM	VENUM-0482-633.jpg
VENUM-04875-004/S	004	S	VENUM	VENUM-04875-004.jpg
VENUM-04875-004/XL	004	XL	VENUM	VENUM-04875-004.jpg
VENUM-04875-004/XXL	004	XXL	VENUM	VENUM-04875-004.jpg
VENUM-04875-009/L	009	L	VENUM	VENUM-04875-009.jpg
VENUM-04875-009/M	009	M	VENUM	VENUM-04875-009.jpg
VENUM-04875-009/S	009	S	VENUM	VENUM-04875-009.jpg
VENUM-04875-009/XL	009	XL	VENUM	VENUM-04875-009.jpg
VENUM-04875-009/XXL	009	XXL	VENUM	VENUM-04875-009.jpg
VENUM-04875-015/L	015	L	VENUM	VENUM-04875-015.jpg
VENUM-04875-015/S	015	S	VENUM	VENUM-04875-015.jpg
VENUM-04875-015/XL	015	XL	VENUM	VENUM-04875-015.jpg
VENUM-04875-015/XXL	015	XXL	VENUM	VENUM-04875-015.jpg
VENUM-05000-018/L	018	L	VENUM	VENUM-05000-018.jpg
VENUM-05000-018/S	018	S	VENUM	VENUM-05000-018.jpg
VENUM-05005-049/L	Negro	L	VENUM	VENUM-05214-001.jpg
VENUM-05005-049/M	Negro	L	VENUM	VENUM-05214-001.jpg
VENUM-05005-049/S	Negro	L	VENUM	VENUM-05214-001.jpg
VENUM-05005-049/XL	Negro	L	VENUM	VENUM-05214-001.jpg
VENUM-05005-049/XXL	Negro	L	VENUM	VENUM-05214-001.jpg
VENUM-05010-534/L	534	L	VENUM	VENUM-05010-534.jpg
VENUM-05010-534/M	534	M	VENUM	VENUM-05010-534.jpg
VENUM-05015-004/L	Azul Marino	M	VENUM	VENUM-05015-004.jpg
VENUM-05015-004/M	Azul Marino	M	VENUM	VENUM-05015-004.jpg
VENUM-05015-004/S	Azul Marino	M	VENUM	VENUM-05015-004.jpg
VENUM-05015-004/XL	Azul Marino	M	VENUM	VENUM-05015-004.jpg
VENUM-05016-004/L	Azul Marino	L	VENUM	VENUM-05016-004.jpg
VENUM-05016-004/M	Azul Marino	L	VENUM	VENUM-05016-004.jpg
VENUM-05016-004/S	Azul Marino	L	VENUM	VENUM-05016-004.jpg
VENUM-05016-004/XL	Azul Marino	L	VENUM	VENUM-05016-004.jpg
VENUM-05017-003/L	Azul Marino	M	VENUM	VENUM-05017-004.jpg
VENUM-05017-003/M	Azul Marino	M	VENUM	VENUM-05017-004.jpg
VENUM-05017-003/S	Azul Marino	M	VENUM	VENUM-05017-004.jpg
VENUM-05017-003/XL	Azul Marino	M	VENUM	VENUM-05017-004.jpg
VENUM-05017-003/XXL	Azul Marino	M	VENUM	VENUM-05017-004.jpg
VENUM-05017-004/L	Azul Marino	M	VENUM	VENUM-05017-004.jpg
VENUM-05017-004/M	Azul Marino	M	VENUM	VENUM-05017-004.jpg
VENUM-05017-004/S	Azul Marino	M	VENUM	VENUM-05017-004.jpg
VENUM-05019-002/10	002	10	VENUM	VENUM-05019-002.jpg
VENUM-05019-002/10.5	002	10.5	VENUM	VENUM-05019-002.jpg
VENUM-05019-002/11.5	002	11.5	VENUM	VENUM-05019-002.jpg
VENUM-05019-002/8.5	002	8.5	VENUM	VENUM-05019-002.jpg
VENUM-05019-002/9	002	9	VENUM	VENUM-05019-002.jpg
VENUM-05064-617/4.5	Negro	4.5M	VENUM	VENUM-05064-617.jpg
VENUM-05082-003	003		VENUM	VENUM-05082-003.jpg
VENUM-05082-035	035		VENUM	VENUM-05082-035.jpg
VENUM-05082-052	052		VENUM	VENUM-05082-052.jpg
VENUM-05082-058	058		VENUM	VENUM-05082-058.jpg
VENUM-05104-002-A1	Blanco	A1	VENUM	venum-05104-002.jpg
VENUM-05104-002-A2	Blanco	A2	VENUM	venum-05104-002.jpg
VENUM-05104-002-A3	Blanco	A3	VENUM	venum-05104-002.jpg
VENUM-05104-004-A1	Azul	A1	VENUM	venum-05104-004.jpg
VENUM-05105-018/10oz	018	10OZ	VENUM	VENUM-05105-018.jpg
VENUM-05105-018/12oz	018	12OZ	VENUM	VENUM-05105-018.jpg
VENUM-05105-018/14oz	018	14OZ	VENUM	VENUM-05105-018.jpg
VENUM-05105-018/16oz	018	16OZ	VENUM	VENUM-05105-018.jpg
VENUM-05105-018/8oz	018	8OZ	VENUM	VENUM-05105-018.jpg
VENUM-05105-048/10oz	048	10OZ	VENUM	VENUM-05105-048.jpg
VENUM-05105-048/12oz	048	12OZ	VENUM	VENUM-05105-048.jpg
VENUM-05105-048/14oz	048	14OZ	VENUM	VENUM-05105-048.jpg
VENUM-05105-048/16oz	048	16OZ	VENUM	VENUM-05105-048.jpg
VENUM-05105-050/10oz	050	10OZ	VENUM	VENUM-05105-050.jpg
VENUM-05105-050/12oz	050	12OZ	VENUM	VENUM-05105-050.jpg
VENUM-05105-050/14oz	050	14OZ	VENUM	VENUM-05105-050.jpg
VENUM-05105-050/16oz	050	16OZ	VENUM	VENUM-05105-050.jpg
VENUM-05105-050/8oz	050	8OZ	VENUM	VENUM-05105-050.jpg
VENUM-05105-424/10oz	424	10OZ	VENUM	VENUM-05105-424.jpg
VENUM-05105-424/12oz	424	12OZ	VENUM	VENUM-05105-424.jpg
VENUM-05105-424/14oz	424	14OZ	VENUM	VENUM-05105-424.jpg
VENUM-05105-424/16oz	424	16OZ	VENUM	VENUM-05105-424.jpg
VENUM-05106-018/12oz	018	12OZ	VENUM	VENUM-05106-018.jpg
VENUM-05106-018/14oz	018	14OZ	VENUM	VENUM-05106-018.jpg
VENUM-05106-050/12oz	050	12OZ	VENUM	VENUM-05106-050.jpg
VENUM-05106-414/12oz	414	12OZ	VENUM	VENUM-05106-414.jpg
VENUM-05106-414/14oz	414	14OZ	VENUM	VENUM-05106-414.jpg
VENUM-05106-642/12oz	642	12OZ	VENUM	VENUM-05106-642.jpg
VENUM-05141-454/16oz	Naranja, Azul	16OZ	VENUM	VENUM-05141-454.jpg
VENUM-05152-129	129		VENUM	VENUM-05152-129.jpg
VENUM-05153-010	010		VENUM	VENUM-05153-010.jpg
VENUM-05167-210/L	Negro, Blanco	L	VENUM	VENUM-05167-210.jpg
VENUM-05167-210/M	Negro, Blanco	M	VENUM	VENUM-05167-210.jpg
VENUM-05181-050/10oz	050	10OZ	VENUM	VENUM-05181-050.jpg
VENUM-05181-050/12oz	050	12OZ	VENUM	VENUM-05181-050.jpg
VENUM-05181-050/14oz	050	14OZ	VENUM	VENUM-05181-050.jpg
VENUM-05181-050/8oz	050	8OZ	VENUM	VENUM-05181-050.jpg
VENUM-05181-108/10oz	108	10OZ	VENUM	VENUM-05181-108.jpg
VENUM-05181-108/12oz	108	12OZ	VENUM	VENUM-05181-108.jpg
VENUM-05181-108/14oz	108	14OZ	VENUM	VENUM-05181-108.jpg
VENUM-05181-108/16oz	108	16OZ	VENUM	VENUM-05181-108.jpg
VENUM-05181-108/8oz	108	8OZ	VENUM	VENUM-05181-108.jpg
VENUM-05181-109/12oz	109	12OZ	VENUM	VENUM-05181-109.jpg
VENUM-05181-109/14oz	109	14OZ	VENUM	VENUM-05181-109.jpg
VENUM-05181-109/16oz	109	16OZ	VENUM	VENUM-05181-109.jpg
VENUM-05181-129/12oz	129	12OZ	VENUM	VENUM-05181-129.jpg
VENUM-05181-129/14oz	129	14OZ	VENUM	VENUM-05181-129.jpg
VENUM-05199-109/L	Negro, Gris	L	VENUM	VENUM-05199-109.jpg
VENUM-05199-109/M	Negro, Gris	M	VENUM	VENUM-05199-109.jpg
VENUM-05199-109/S	Negro, Gris	S	VENUM	VENUM-05199-109.jpg
VENUM-05201-109/L	Negro, Gris	L	VENUM	VENUM-05201-109.jpg
VENUM-05201-109/S	Negro, Gris	S	VENUM	VENUM-05201-109.jpg
VENUM-05205-425/L	Azul	L	VENUM	VENUM-05205-425.jpg
VENUM-05205-425/M	Azul	L	VENUM	VENUM-05205-425.jpg
VENUM-05205-425/S	Azul	L	VENUM	VENUM-05205-425.jpg
VENUM-05205-425/XL	Azul	L	VENUM	VENUM-05205-425.jpg
VENUM-05205-614/L	Azul	L	VENUM	VENUM-05205-614.jpg
VENUM-05205-614/M	Azul	L	VENUM	VENUM-05205-614.jpg
VENUM-05205-614/S	Azul	L	VENUM	VENUM-05205-614.jpg
VENUM-05205-614/XL	Azul	L	VENUM	VENUM-05205-614.jpg
VENUM-05205-635/L	Azul	L	VENUM	VENUM-05205-635.jpg
VENUM-05205-635/M	Azul	M	VENUM	VENUM-05205-635.jpg
VENUM-05205-635/S	Azul	S	VENUM	VENUM-05205-635.jpg
VENUM-05205-635/XL	Azul	XL	VENUM	VENUM-05205-635.jpg
VENUM-05214-001/L	Negro	L	VENUM	VENUM-05214-001.jpg
VENUM-05214-001/M	Negro	M	VENUM	VENUM-05214-001.jpg
VENUM-05214-001/S	Negro	S	VENUM	VENUM-05214-001.jpg
VENUM-05214-001/XL	Negro	L	VENUM	VENUM-05214-001.jpg
VENUM-05214-001/XXL	Negro	L	VENUM	VENUM-05214-001.jpg
VENUM-05214-018/L	Azul Oscuro	L	VENUM	VENUM-05214-018.jpg
VENUM-05214-018/M	Azul Oscuro	M	VENUM	VENUM-05214-018.jpg
VENUM-05218-059/L	Azul Marino	L	VENUM	VENUM-05218-059.jpg
VENUM-05218-059/M	Azul Marino	M	VENUM	VENUM-05218-059.jpg
VENUM-05218-059/S	Azul Marino	S	VENUM	VENUM-05218-059.jpg
VENUM-05218-059/XL	Azul Marino	XL	VENUM	VENUM-05218-059.jpg
VENUM-05218-637/L	Verde Aqua	L	VENUM	VENUM-05218-637.jpg
VENUM-05218-637/M	Verde Aqua	M	VENUM	VENUM-05218-637.jpg
VENUM-05218-637/S	Verde Aqua	S	VENUM	VENUM-05218-637.jpg
VENUM-05218-637/XL	Verde Aqua	XL	VENUM	VENUM-05218-637.jpg
VENUM-05219-059/L	Azul Marino	L	VENUM	VENUM-05219-059.jpg
VENUM-05219-059/M	Azul Marino	M	VENUM	VENUM-05219-059.jpg
VENUM-05219-059/S	Azul Marino	S	VENUM	VENUM-05219-059.jpg
VENUM-05219-637/L	Verde Aqua	L	VENUM	VENUM-05219-637.jpg
VENUM-05219-637/M	Verde Aqua	M	VENUM	VENUM-05219-637.jpg
VENUM-05219-637/S	Verde Aqua	S	VENUM	VENUM-05219-637.jpg
VENUM-05220-637/L	Verde Aqua	L	VENUM	VENUM-05220-637.jpg
VENUM-05220-637/M	Verde Aqua	M	VENUM	VENUM-05220-637.jpg
VENUM-05220-637/S	Verde Aqua	S	VENUM	VENUM-05220-637.jpg
VENUM-05220-637/XL	Verde Aqua	XL	VENUM	VENUM-05220-637.jpg
VENUM-05222-642/L	Crema Claro	L	VENUM	VENUM-05222-642.jpg
VENUM-05222-642/M	Crema Claro	M	VENUM	VENUM-05222-642.jpg
VENUM-05222-642/S	Crema Claro	S	VENUM	VENUM-05222-642.jpg
VENUM-05222-642/XL	Crema Claro	XL	VENUM	VENUM-05222-642.jpg
VENUM-05231-016/L	Neranja	L	VENUM	VENUM-05231-016.jpg
VENUM-05231-016/M	Neranja	M	VENUM	VENUM-05231-016.jpg
VENUM-05231-016/S	Neranja	S	VENUM	VENUM-05231-016.jpg
VENUM-05231-016/XL	Neranja	XL	VENUM	VENUM-05231-016.jpg
VENUM-05296-002	002		VENUM	VENUM-05296-002.jpg
VENUM-05296-003	003		VENUM	VENUM-05296-003.jpg
VENUM-05296-004	004		VENUM	VENUM-05296-004.jpg
VENUM-05296-005	005		VENUM	VENUM-05296-005.jpg
VENUM-05296-009	009		VENUM	VENUM-05296-009.jpg
VENUM-05297-001	001		VENUM	VENUM-05297-001.jpg
VENUM-05297-002	002		VENUM	VENUM-05297-002.jpg
VENUM-05303-004/L	Azul	L	VENUM	VENUM-05303-004.jpg
VENUM-05303-004/M	Azul	L	VENUM	VENUM-05303-004.jpg
VENUM-05303-004/S	Azul	L	VENUM	VENUM-05303-004.jpg
VENUM-05303-004/XL	Azul	L	VENUM	VENUM-05303-004.jpg
VENUM-05306-004/L	004	L	VENUM	VENUM-05306-004.jpg
VENUM-05306-004/M	004	M	VENUM	VENUM-05306-004.jpg
VENUM-05306-004/S	004	S	VENUM	VENUM-05306-004.jpg
VENUM-05306-004/XL	004	XL	VENUM	VENUM-05306-004.jpg
VENUM-05309-004/L	004	L	VENUM	VENUM-05309-004.jpg
VENUM-05309-004/M	004	M	VENUM	VENUM-05309-004.jpg
VENUM-05309-004/S	004	S	VENUM	VENUM-05309-004.jpg
VENUM-05309-004/XL	004	XL	VENUM	VENUM-05309-004.jpg
VENUM-05309-004/XXL	004	XXL	VENUM	VENUM-05309-004.jpg
VENUM-05355-577/L	Azul Marino	M	VENUM	VENUM-05355-577.jpg
VENUM-05355-577/M	Azul Marino	M	VENUM	VENUM-05355-577.jpg
VENUM-05355-577/S	Azul Marino	M	VENUM	VENUM-05355-577.jpg
VENUM-05355-577/XL	Azul Marino	M	VENUM	VENUM-05355-577.jpg
VENUM-05356-577/L	Azul Marino	L	VENUM	VENUM-05356-577.jpg
VENUM-05356-577/M	Azul Marino	L	VENUM	VENUM-05356-577.jpg
VENUM-05356-577/S	Azul Marino	L	VENUM	VENUM-05356-577.jpg
VENUM-05356-577/XL	Azul Marino	L	VENUM	VENUM-05356-577.jpg
VENUM-05395-005/4oz	005	4OZ	VENUM	VENUM-05395-005.jpg
VENUM-05395-005/6oz	005	6OZ	VENUM	VENUM-05395-005.jpg
VENUM-05395-005/8oz	005	8OZ	VENUM	VENUM-05395-005.jpg
VENUM-05395-015/6oz	015	6OZ	VENUM	VENUM-05395-015.jpg
VENUM-05395-015/8oz	015	8OZ	VENUM	VENUM-05395-015.jpg
VENUM-05399-015	015		VENUM	VENUM-05399-015.jpg
VENUM-05399-618	618		VENUM	VENUM-05399-618.jpg
VENUM-05725-128/12oz	128	12OZ	VENUM	VENUM-05725-128.jpg
VENUM-05725-128/14oz	128	14OZ	VENUM	VENUM-05725-128.jpg
VENUM-05725-128/16oz	128	16OZ	VENUM	VENUM-05725-128.jpg
VENUM-05732-129/12oz	129	12OZ	VENUM	VENUM-05732-129.jpg
VENUM-05732-129/14oz	129	14OZ	VENUM	VENUM-05732-129.jpg
VENUM-05732-129/16oz	129	16OZ	VENUM	VENUM-05732-129.jpg
VENUM-05755-109/12oz	109	12OZ	VENUM	VENUM-05755-109.jpg
VENUM-05755-109/14oz	109	14OZ	VENUM	VENUM-05755-109.jpg
VENUM-05755-590/12oz	590	12OZ	VENUM	VENUM-05755-590.jpg
VENUM-05755-590/14oz	590	14OZ	VENUM	VENUM-05755-590.jpg
VENUM-05755-590/16oz	590	16OZ	VENUM	VENUM-05755-590.jpg
VENUM-05757-109/L	109	L	VENUM	VENUM-05757-109.jpg
VENUM-05757-109/M	109	M	VENUM	VENUM-05757-109.jpg
VENUM-05757-109/XL	109	XL	VENUM	VENUM-05757-109.jpg
VENUM-05757-590/L	590	L	VENUM	VENUM-05757-590.jpg
VENUM-05757-590/M	590	M	VENUM	VENUM-05757-590.jpg
VENUM-05759-109/L	109	L	VENUM	VENUM-05759-109.jpg
VENUM-05759-109/M	109	M	VENUM	VENUM-05759-109.jpg
VENUM-05759-109/S	109	S	VENUM	VENUM-05759-109.jpg
VENUM-05759-109/XL	109	XL	VENUM	VENUM-05759-109.jpg
VENUM-05759-109/XXL	109	XXL	VENUM	VENUM-05759-109.jpg
VENUM-05764-001/L	Negro	L	VENUM	VENUM-05764-001.jpg
VENUM-05764-001/M	Negro	L	VENUM	VENUM-05764-001.jpg
VENUM-05764-001/S	Negro	L	VENUM	VENUM-05764-001.jpg
VENUM-05764-001/XL	Negro	L	VENUM	VENUM-05764-001.jpg
VENUM-05764-001/XXL	Negro	L	VENUM	VENUM-05764-001.jpg
VENUM-05789-050/12oz	050	12OZ	VENUM	VENUM-05789-050.jpg
VENUM-05789-050/14oz	050	14OZ	VENUM	VENUM-05789-050.jpg
VENUM-05789-056/12oz	056	12OZ	VENUM	VENUM-05789-056.jpg
VENUM-05789-056/14oz	056	14OZ	VENUM	VENUM-05789-056.jpg
VENUM-05804-001	001		VENUM	VENUM-05804-001.jpg
VENUM-05804-018	018		VENUM	VENUM-05804-018.jpg
VENUM-05804-035	035		VENUM	VENUM-05804-035.jpg
VENUM-05854-100/10oz	100	10OZ	VENUM	VENUM-05854-100.jpg
VENUM-05854-100/12oz	100	12OZ	VENUM	VENUM-05854-100.jpg
VENUM-05854-100/14oz	100	14OZ	VENUM	VENUM-05854-100.jpg
VENUM-05854-100/16oz	100	16OZ	VENUM	VENUM-05854-100.jpg
VENUM-05886-011/10oz	011	10OZ	VENUM	VENUM-05886-011.jpg
VENUM-05886-011/12oz	011	12OZ	VENUM	VENUM-05886-011.jpg
VENUM-05886-011/8oz	011	8OZ	VENUM	VENUM-05886-011.jpg
VENUM-05893-001/12oz	001	12OZ	VENUM	VENUM-05893-001.jpg
VENUM-05893-001/14oz	001	14OZ	VENUM	VENUM-05893-001.jpg
VENUM-05893-001/16oz	001	16OZ	VENUM	VENUM-05893-001.jpg
VENUM-05893-001/8oz	001	8OZ	VENUM	VENUM-05893-001.jpg
VENUM-05893-002/12oz	002	12OZ	VENUM	VENUM-05893-002.jpg
VENUM-05893-002/14oz	002	14OZ	VENUM	VENUM-05893-002.jpg
VENUM-05893-018/10oz	018	10OZ	VENUM	VENUM-05893-018.jpg
VENUM-05893-018/12oz	018	12OZ	VENUM	VENUM-05893-018.jpg
VENUM-05893-018/14oz	018	14OZ	VENUM	VENUM-05893-018.jpg
VENUM-05893-018/16oz	018	16OZ	VENUM	VENUM-05893-018.jpg
VENUM-05895-001/12oz	001	12OZ	VENUM	VENUM-05895-001.jpg
VENUM-05895-001/14oz	001	14OZ	VENUM	VENUM-05895-001.jpg
VENUM-05895-035/12oz	035	12OZ	VENUM	VENUM-05895-035.jpg
VENUM-05895-035/14oz	035	14OZ	VENUM	VENUM-05895-035.jpg
VENUM-05895-035/16oz	035	16OZ	VENUM	VENUM-05895-035.jpg
VENUM-05895-056/12oz	056	12OZ	VENUM	VENUM-05895-056.jpg
VENUM-05895-056/14oz	056	14OZ	VENUM	VENUM-05895-056.jpg
VENUM-05896-004	004		VENUM	VENUM-05896-004.jpg
VENUM-05896-035	035		VENUM	VENUM-05896-035.jpg
VENUM-05897-004/130	004	130	VENUM	VENUM-05897-004.jpg
VENUM-05897-004/150	004	150	VENUM	VENUM-05897-004.jpg
VENUM-05897-004/170	004	170	VENUM	VENUM-05897-004.jpg
VENUM-05897-035/130	035	130	VENUM	VENUM-05897-035.jpg
VENUM-05897-035/150	035	150	VENUM	VENUM-05897-035.jpg
VENUM-05897-035/170	035	170	VENUM	VENUM-05897-035.jpg
VENUM-05900-011/3M	Negro, Dorado	2.5M	VENUM	VENUM-05900-011.jpg
VENUM-05900-040/3M	Negro, Dorado	2.5M	VENUM	VENUM-05900-040.jpg
VENUM-05947-004/12oz	004	12OZ	VENUM	VENUM-05947-004.jpg
VENUM-05947-004/14oz	004	14OZ	VENUM	VENUM-05947-004.jpg
VENUM-05950-050/10oz	050	10OZ	VENUM	VENUM-05950-050.jpg
VENUM-05950-050/12oz	050	12OZ	VENUM	VENUM-05950-050.jpg
VENUM-05950-050/8oz	050	8OZ	VENUM	VENUM-05950-050.jpg
VENUM-05951-050/10oz	050	10OZ	VENUM	VENUM-05951-050.jpg
VENUM-05951-050/12oz	050	12OZ	VENUM	VENUM-05951-050.jpg
VENUM-05951-050/8oz	050	8OZ	VENUM	VENUM-05951-050.jpg
VENUM-05956-108/3M	Negro, Dorado	2.5M	VENUM	VENUM-05956-108.jpg
VENUM-05956-108/4M	Negro, Dorado	2.5M	VENUM	VENUM-05956-108.jpg
VENUM-05957-042/4.5M	Rosa	4M	VENUM	VENUM-05957-042.jpg
VENUM-05957-042/4M	Negro, Dorado	2.5M	VENUM	VENUM-05957-042.jpg
VENUM-05957-108/3M	Negro, Dorado	2.5M	VENUM	VENUM-05957-108.jpg
VENUM-05957-108/4M	Negro, Dorado	2.5M	VENUM	VENUM-05957-108.jpg
VENUM-05958-003/3M	Negro, Dorado	2.5M	VENUM	VENUM-05958-003.jpg
VENUM-05958-003/4.5M	Rosa	4M	VENUM	VENUM-05958-003.jpg
VENUM-05958-005/3M	Negro, Dorado	2.5M	VENUM	VENUM-05958-005.jpg
VENUM-05958-005/4.5M	Rosa	4M	VENUM	VENUM-05958-005.jpg
VENUM-05958-005/4M	Negro, Dorado	2.5M	VENUM	VENUM-05958-005.jpg
VENUM-05958-009/3M	Negro, Dorado	2.5M	VENUM	VENUM-05958-009.jpg
VENUM-05958-009/4.5M	Rosa	4M	VENUM	VENUM-05958-009.jpg
VENUM-05958-009/4M	Negro, Dorado	2.5M	VENUM	VENUM-05958-009.jpg
VENUM-05959-001	001		VENUM	VENUM-05959-001.jpg
VENUM-05960-001/M	001	M	VENUM	VENUM-05960-001.jpg
VENUM-05979-001	001		VENUM	VENUM-05979-001.jpg
VENUM-05980-001/M	001	M	VENUM	VENUM-05980-001.jpg
VENUM-05981-001/L	001	L	VENUM	VENUM-05981-001.jpg
VENUM-05982-001/S	001	S	VENUM	VENUM-05982-001.jpg
VENUM-05985-108/12oz	108	12OZ	VENUM	VENUM-05985-108.jpg
VENUM-05985-108/14oz	108	14OZ	VENUM	VENUM-05985-108.jpg
VENUM-05985-108/16oz	108	16OZ	VENUM	VENUM-05985-108.jpg
VENUM-0621-200	Negro		VENUM	VENUM-0621-200.jpg
VENUM-0984-431-12oz	431	12OZ	VENUM	VENUM-0984-431.jpg
VENUM-0984-431-14oz	431	14OZ	VENUM	VENUM-0984-431.jpg
VENUM-0984-431-16oz	431	16OZ	VENUM	VENUM-0984-431.jpg
VENUM-1392-053/12oz	053	12OZ	VENUM	VENUM-1392-053.jpg
VENUM-1392-053/14oz	053	14OZ	VENUM	VENUM-1392-053.jpg
VENUM-1392-053/16oz	053	16OZ	VENUM	VENUM-1392-053.jpg
VENUM-1392-537/10oz	537	10OZ	VENUM	VENUM-1392-537.jpg
VENUM-1392-537/12oz	537	12OZ	VENUM	VENUM-1392-537.jpg
VENUM-1392-537/14oz	537	14OZ	VENUM	VENUM-1392-537.jpg
VENUM-1395-432	432		VENUM	VENUM-1395-432.jpg
VENUM-1395-537	Rosa, Dorado, Negro		VENUM	VENUM-1395-537.jpg
VENUM-2050-114/L	114	L	VENUM	VENUM-2050-114.jpg
VENUM-2050-114/M	114	M	VENUM	VENUM-2050-114.jpg
VENUM-2050-114/XL	114	XL	VENUM	VENUM-2050-114.jpg
VENUM-2052-126	126		VENUM	VENUM-2052-126.jpg
VNMUFC-00014-001/L	00014	001/L	UFC VENUM	VNMUFC-00014-001.jpg
VNMUFC-00014-001/M	00014	001/M	UFC VENUM	VNMUFC-00014-001.jpg
VNMUFC-00014-001/S	00014	001/S	UFC VENUM	VNMUFC-00014-001.jpg
VNMUFC-00041-018/L	00041	018/L	UFC VENUM	VNMUFC-00041-018.jpg
VNMUFC-00041-018/M	00041	018/M	UFC VENUM	VNMUFC-00041-018.jpg
VNMUFC-00041-018/S	00041	018/S	UFC VENUM	VNMUFC-00041-018.jpg
VNMUFC-00042-001/L	00042	001/L	UFC VENUM	VNMUFC-00042-001.jpg
VNMUFC-00042-001/M	00042	001/M	UFC VENUM	VNMUFC-00042-001.jpg
VNMUFC-00042-001/S	00042	001/S	UFC VENUM	VNMUFC-00042-001.jpg
VNMUFC-00043-001/L	00043	001/L	UFC VENUM	VNMUFC-00043-001.jpg
VNMUFC-00043-001/M	00043	001/M	UFC VENUM	VNMUFC-00043-001.jpg
VNMUFC-00043-001/XXL	00043	001/XXL	UFC VENUM	VNMUFC-00043-001.jpg
VNMUFC-00043-015/M	00043	015/M	UFC VENUM	VNMUFC-00043-015.jpg
VNMUFC-00044-015/L	00044	015/L	UFC VENUM	VNMUFC-00044-015.jpg
VNMUFC-00044-015/M	00044	015/M	UFC VENUM	VNMUFC-00044-015.jpg
VNMUFC-00044-015/S	00044	015/S	UFC VENUM	VNMUFC-00044-015.jpg
VNMUFC-00045-015/L	00045	015/L	UFC VENUM	VNMUFC-00045-015.jpg
VNMUFC-00045-015/M	00045	015/M	UFC VENUM	VNMUFC-00045-015.jpg
VNMUFC-00045-015/S	00045	015/S	UFC VENUM	VNMUFC-00045-015.jpg
VNMUFC-00045-015/XL	00045	015/XL	UFC VENUM	VNMUFC-00045-015.jpg
VNMUFC-00047-001/L	00047	001/L	UFC VENUM	VNMUFC-00047-001.jpg
VNMUFC-00047-001/M	00047	001/M	UFC VENUM	VNMUFC-00047-001.jpg
VNMUFC-00047-001/S	00047	001/S	UFC VENUM	VNMUFC-00047-001.jpg
VNMUFC-00047-001/XXL	00047	001/XXL	UFC VENUM	VNMUFC-00047-001.jpg
VNMUFC-00051-001/M	00051	001/M	UFC VENUM	VNMUFC-00051-001.jpg
VNMUFC-00051-001/S	00051	001/S	UFC VENUM	VNMUFC-00051-001.jpg
VNMUFC-00051-001/XL	00051	001/XL	UFC VENUM	VNMUFC-00051-001.jpg
VNMUFC-00051-015/M	00051	015/M	UFC VENUM	VNMUFC-00051-015.jpg
VNMUFC-00051-015/S	00051	015/S	UFC VENUM	VNMUFC-00051-015.jpg
VNMUFC-00051-015/XL	00051	015/XL	UFC VENUM	VNMUFC-00051-015.jpg
VNMUFC-00052-001/L	00052	001/L	UFC VENUM	VNMUFC-00052-001.jpg
VNMUFC-00052-001/M	00052	001/M	UFC VENUM	VNMUFC-00052-001.jpg
VNMUFC-00052-010/L	00052	010/L	UFC VENUM	VNMUFC-00052-010.jpg
VNMUFC-00052-015/L	00052	015/L	UFC VENUM	VNMUFC-00052-015.jpg
VNMUFC-00058-010/L	00058	010/L	UFC VENUM	VNMUFC-00058-010.jpg
VNMUFC-00058-010/M	00058	010/M	UFC VENUM	VNMUFC-00058-010.jpg
VNMUFC-00060-001/L	00060	001/L	UFC VENUM	VNMUFC-00060-001.jpg
VNMUFC-00060-002/M	00060	002/M	UFC VENUM	VNMUFC-00060-002.jpg
VNMUFC-00060-002/XL	00060	002/XL	UFC VENUM	VNMUFC-00060-002.jpg
VNMUFC-00067-001/L	00067	001/L	UFC VENUM	VNMUFC-00067-001.jpg
VNMUFC-00067-001/S	00067	001/S	UFC VENUM	VNMUFC-00067-001.jpg
VNMUFC-00068-126/L	00068	126/L	UFC VENUM	VNMUFC-00068-126.jpg
VNMUFC-00068-126/M	00068	126/M	UFC VENUM	VNMUFC-00068-126.jpg
VNMUFC-00068-126/S	00068	126/S	UFC VENUM	VNMUFC-00068-126.jpg
VNMUFC-00068-126/XL	00068	126/XL	UFC VENUM	VNMUFC-00068-126.jpg
VNMUFC-00070-001/M	00070	001/M	UFC VENUM	VNMUFC-00070-001.jpg
VNMUFC-00070-001/S	00070	001/S	UFC VENUM	VNMUFC-00070-001.jpg
VNMUFC-00071-001/L	00071	001/L	UFC VENUM	VNMUFC-00071-001.jpg
VNMUFC-00071-001/M	00071	001/M	UFC VENUM	VNMUFC-00071-001.jpg
VNMUFC-00071-001/S	00071	001/S	UFC VENUM	VNMUFC-00071-001.jpg
VNMUFC-00071-126/L	00071	126/L	UFC VENUM	VNMUFC-00071-126.jpg
VNMUFC-00071-126/M	00071	126/M	UFC VENUM	VNMUFC-00071-126.jpg
VNMUFC-00071-126/S	00071	126/S	UFC VENUM	VNMUFC-00071-126.jpg
VNMUFC-00075-001/L	00075	001/L	UFC VENUM	VNMUFC-00075-001.jpg
VNMUFC-00075-001/M	00075	001/M	UFC VENUM	VNMUFC-00075-001.jpg
VNMUFC-00075-001/S	00075	001/S	UFC VENUM	VNMUFC-00075-001.jpg
VNMUFC-00075-001/XL	00075	001/XL	UFC VENUM	VNMUFC-00075-001.jpg
VNMUFC-00137-002/S	00137	002/S	UFC VENUM	VNMUFC-00137-002.jpg
VNMUFC-00153-001/L	00153	001/L	UFC VENUM	VNMUFC-00153-001.jpg
VNMUFC-00153-001/M	00153	001/M	UFC VENUM	VNMUFC-00153-001.jpg
VNMUFC-00153-001/XL	00153	001/XL	UFC VENUM	VNMUFC-00153-001.jpg
VNMUFC-00153-002/L	00153	002/L	UFC VENUM	VNMUFC-00153-002.jpg
VNMUFC-00153-002/XL	00153	002/XL	UFC VENUM	VNMUFC-00153-002.jpg
VNMUFC-00153-002/XXL	00153	002/XXL	UFC VENUM	VNMUFC-00153-002.jpg
VNMUFC-00153-126/M	00153	126/M	UFC VENUM	VNMUFC-00153-126.jpg
VNMUFC-00153-126/XXL	00153	126/XXL	UFC VENUM	VNMUFC-00153-126.jpg
VNMUFC-00154-001/L	00154	001/L	UFC VENUM	VNMUFC-00154-001.jpg
VNMUFC-00154-001/M	00154	001/M	UFC VENUM	VNMUFC-00154-001.jpg
VNMUFC-00154-001/S	00154	001/S	UFC VENUM	VNMUFC-00154-001.jpg
VNMUFC-00154-001/XL	00154	001/XL	UFC VENUM	VNMUFC-00154-001.jpg
VNMUFC-00154-002/L	00154	002/L	UFC VENUM	VNMUFC-00154-002.jpg
VNMUFC-00154-002/M	00154	002/M	UFC VENUM	VNMUFC-00154-002.jpg
VNMUFC-00154-002/S	00154	002/S	UFC VENUM	VNMUFC-00154-002.jpg
VNMUFC-00154-126/L	00154	126/L	UFC VENUM	VNMUFC-00154-002.jpg
VNMUFC-00154-126/M	00154	126/M	UFC VENUM	VNMUFC-00154-002.jpg
VNMUFC-00154-126/S	00154	126/S	UFC VENUM	VNMUFC-00154-002.jpg
VNMUFC-00251-108/L	00251	108/L	UFC VENUM	VNMUFC-00251-108.jpg
VNMUFC-00251-108/M	00251	108/M	UFC VENUM	VNMUFC-00251-108.jpg
VNMUFC-00251-108/S	00251	108/S	UFC VENUM	VNMUFC-00251-108.jpg
VNMUFC-00251-108/XL	00251	108/XL	UFC VENUM	VNMUFC-00251-108.jpg
VNMUFC-00251-108/XXL	00251	108/XXL	UFC VENUM	VNMUFC-00251-108.jpg
VNMUFC-00251-614/L	00251	614/L	UFC VENUM	VNMUFC-00251-614.jpg
VNMUFC-00251-614/M	00251	614/M	UFC VENUM	VNMUFC-00251-614.jpg
VNMUFC-00251-614/S	00251	614/S	UFC VENUM	VNMUFC-00251-614.jpg
VNMUFC-00251-614/XL	00251	614/XL	UFC VENUM	VNMUFC-00251-614.jpg
VNMUFC-00251-614/XXL	00251	614/XXL	UFC VENUM	VNMUFC-00251-614.jpg
VNMUFC-00254-414/S	00254	414/S	UFC VENUM	VNMUFC-00254-414.jpg
VNMUFC-00265-651	00265	651	UFC VENUM	VNMUFC-00265-651.jpg
VNMUFC-00266-651/XL	00266	651/XL	UFC VENUM	VNMUFC-00266-651.jpg
VNMUFC-00311-058	00311	058	UFC VENUM	VNMUFC-00311-058.jpg
VNMUFC-00328-001	00328	001	UFC VENUM	VNMUFC-00328-001.jpg
VNMUFC-00328-126	00328	126	UFC VENUM	VNMUFC-00328-126.jpg
