group	brand	subgroupname	file
ACCESORIOS	DURAN	3022D	3022D-BLACK.jpg
BILLAR	WESTON	8918	8918-B.jpg
BJJ	ADIDAS	ADIB225-WHT/YEL	ADIB225-WHT-YEL.jpg
BJJ	ADIDAS	ADIB225-YEL/ORG	ADIB225-YEL-ORG.jpg
BJJ	ADIDAS	ADIBJJB-C/BLU	ADIBJJB-C-BLU.jpg
BJJ	ADIDAS	ADIBJJB-E/BLK	ADIBJJB-E-BLK.jpg
BJJ	ADIDAS	ADIBJJB-E/BRN	ADIBJJB-E-BRN.jpg
BJJ	ADIDAS	ADIBJJB-E/PUR	ADIBJJB-E-PUR.jpg
BJJ	ADIDAS	IBJJFSH01/BLK	IBJJFSH01-BLK.jpg
BJJ	ADIDAS	JJ250-R/M	JJ250-R-M0.jpg
BJJ	ADIDAS	JJ350-2.0-P/A	JJ350-2-0.jpg
BJJ	ADIDAS	JJ350-2.0-P/A0	JJ350-2-0-BLK.jpg
BJJ	ADIDAS	JJ350-2.0-P/A1-BLK/GLD	JJ350-2-0-BLK-GLD.jpg
BJJ	VENUM	VENUM-03057-001	VENUM-03057-001.jpg
BJJ	VENUM	VENUM-03738-002	VENUM-03738-002.jpg
BJJ	VENUM	VENUM-05104-002	venum-05104-002.jpg
BJJ	VENUM	VENUM-05104-004	venum-05104-004.jpg
BOLSOS	ADIDAS	ADIACC052B-BLK/GLD	ADIACC052B-BLK-GLD-S.jpg
BOLSOS	ADIDAS	ADIACC090B-BLK/BR	ADIACC090B-BLK_BR-S.jpg
BOLSOS	ADIDAS	ADIACC090B-BLK/WHT	ADIACC090B-BLK-WHT-S.jpg
BOLSOS	ADIDAS	ADIACC090B-NV/RED	ADIACC090B-NV-RED-S.jpg
BOLSOS	VENUM	VENUM-05959-001	VENUM-05959-001.jpg
BOLSOS	VENUM	VENUM-05960-001	VENUM-05960-001.jpg
BOLSOS	VENUM	VENUM-05979-001	VENUM-05979-001.jpg
BOLSOS	VENUM	VENUM-05980-001	VENUM-05980-001.jpg
BOLSOS	VENUM	VENUM-05981-001	VENUM-05981-001.jpg
BOLSOS	VENUM	VENUM-05982-001	VENUM-05982-001.jpg
BOXEO	ADIDAS	ADIAS50HG	ADIAS50HG.jpg
BOXEO	ADIDAS	ADIBAC091/BLK	ADIBAC091.jpg
BOXEO	ADIDAS	ADIBH01/BLK	ADIBH01-BLK.jpg
BOXEO	ADIDAS	ADIBH01/BLU	ADIBH01-BLU.jpg
BOXEO	ADIDAS	ADIBH01/RED	ADIBH01-RED.jpg
BOXEO	ADIDAS	ADIBH01WK/BLK	ADIBH01WK-BLK.jpg
BOXEO	ADIDAS	ADIBH01WK/BLU	ADIBH01WK-BLU.jpg
BOXEO	ADIDAS	ADIBH01WK/RED	ADIBH01WK-RED.jpg
BOXEO	ADIDAS	ADIBHG023-BLK/RED	ADIBHG023-BLK-RED.jpg
BOXEO	ADIDAS	ADIBHG023-BLK/WHT	ADIBHG023-BLK-WHT.jpg
BOXEO	ADIDAS	ADIBP02-BLK/GLD	ADIBP02-BLK_GLD.jpg
BOXEO	ADIDAS	ADIBP02-BLK/PNK	ADIBP02-BLK_PNK.jpg
BOXEO	ADIDAS	ADIBP022-BLK/GLD	ADISBP022-BLK_GLD.jpg
BOXEO	ADIDAS	ADIBP03/BLK	ADIBP03_BLK.jpg
BOXEO	ADIDAS	ADIBP03S/OLV-2.55M	ADIBP03S-OLV-2-55.jpg
BOXEO	ADIDAS	ADIBP10N	ADIBP10N.jpg
BOXEO	ADIDAS	ADIBPKIT03	ADIBPKIT03-12OZ.jpg
BOXEO	ADIDAS	ADIBPKITSMU	ADIBPKITSMU-12OZ.jpg
BOXEO	ADIDAS	ADIBTKA02/L	ADIBTKA02.jpg
BOXEO	ADIDAS	ADIBTKK02/XS	ADIBTKK02.jpg
BOXEO	ADIDAS	ADIBTS02-BLU/WHT	ADIBTS02-BLU_WHT.jpg
BOXEO	ADIDAS	ADIBTS02-RED/WHT	ADIBTS02-RED_WHT.jpg
BOXEO	ADIDAS	ADIBTT02-BLK/WHT	ADIBTT02-BLK_WHT.jpg
BOXEO	ADIDAS	ADIBTT02-BLU/WHT	ADIBTT02-BLU_WHT.jpg
BOXEO	ADIDAS	ADIBTT02-RED/WHT	ADIBTT02-RED_WHT.jpg
BOXEO	ADIDAS	ADIBTT02-WHT/BLK	ADIBTT02-WHT_BLK.jpg
BOXEO	ADIDAS	ADIEMP01-BLK/GLD	ADIEMP01-BLK-GLD.jpg
BOXEO	ADIDAS	ADIH150FM-RED/WHT	ADIH150FM-RED-WHT.jpg
BOXEO	ADIDAS	ADIH150HG-BLK/WHT	ADIH150HG-BLK-WHT-S.jpg
BOXEO	ADIDAS	ADIH25	ADIH25-BLK.jpg
BOXEO	ADIDAS	ADIH350TG-BLK/BLK	ADIH350TG-BLK-BLK.jpg
BOXEO	ADIDAS	ADIH350TG-RED/BLK	ADIH350TG-RED-BLK.jpg
BOXEO	ADIDAS	ADIH350TG-ROY/BLK	ADIH350TG-ROY-BLK.jpg
BOXEO	ADIDAS	ADIH350TG-WHT/BLK	ADIH350TG-WHT-BLK.jpg
BOXEO	ADIDAS	ADIH500M-BLK/GLD	ADIH500M-BLK-GLD.jpg
BOXEO	ADIDAS	ADIH500M-WHT/BLK	ADIH500M-WHT-BLK.jpg
BOXEO	ADIDAS	ADIH500MV-BLK/GLD	ADIH500MV-BLK-GLD.jpg
BOXEO	ADIDAS	ADIH50HG-BLK/L	ADIH50HG-BLK.jpg
BOXEO	ADIDAS	ADIH50HG-BLU/L	ADIH50HG-BLU.jpg
BOXEO	ADIDAS	ADIH50HG-RED/L	ADIH50HG-RED.jpg
BOXEO	ADIDAS	ADIH80-BLK/BLK	ADIH80-BLK-BLK.jpg
BOXEO	ADIDAS	ADIH80-BLK/PNK	ADIH80-BLK-PNK.jpg
BOXEO	ADIDAS	ADIHBWG01-BLK/PNK-L/XL	ADIHBWG01-BLK-PNK.jpg
BOXEO	ADIDAS	ADIHDF100-BLK/PNK	ADIHDF100-BLK-PNK.jpg
BOXEO	ADIDAS	ADIIBAG1/BLU	ADILBAG-BLU.jpg
BOXEO	ADIDAS	ADIIBAG1/RED	ADILBAG-RED.jpg
BOXEO	ADIDAS	ADIIBAH1/BLU	ADILBAH1-BLU.jpg
BOXEO	ADIDAS	ADIIBAH1/RED	ADILBAH1-RED.jpg
BOXEO	ADIDAS	ADIPFP01M	ADIPFP01M.jpg
BOXEO	ADIDAS	ADIPHG01/L	ADIPHG01.jpg
BOXEO	ADIDAS	ADIPHG01M/WHT/BLK	ADIPHG01M-WHT-BLK.jpg
BOXEO	ADIDAS	ADIPHG01PRO/L	ADIPHG01PRO.jpg
BOXEO	ADIDAS	ADIPT	ADIPT01.jpg
BOXEO	ADIDAS	ADIRHP01-L/XL	ADIRHP01-L-XL-BLK.jpg
BOXEO	ADIDAS	ADISBAC014-BLK/GREY	ADISBAC014-BLK-GREY.jpg
BOXEO	ADIDAS	ADISBAC014-RED/SIL	ADISBAC014-RED-SIL.jpg
BOXEO	ADIDAS	ADISBAC014-ROY/GLD	ADISBAC014-ROY-GLD.jpg
BOXEO	ADIDAS	ADISBG175	ADISBG175-12OZ.jpg
BOXEO	ADIDAS	ADISBG175-3.0/BLK	ADISBG175-3-0-BLK.jpg
BOXEO	ADIDAS	ADISBG175-3.0/RED	ADISBG175-3-0-RED.jpg
BOXEO	ADIDAS	ADISBG175-3.0/ROY	ADISBG175-3-0-ROY.jpg
BOXEO	ADIDAS	ADISBG50-ALM/GLD	ADISBG50-ALM-GLD.jpg
BOXEO	ADIDAS	ADISBG50-BLK/GLD	ADISBG50-BLK-GLD.jpg
BOXEO	ADIDAS	ADISBG50-GREY/GLD	ADISBG50-GREY-GLD.jpg
BOXEO	ADIDAS	ADISBG50-PNK/SIL	ADISBG50-PNK-SIL.jpg
BOXEO	ADIDAS	ADISBG500-23-GREEN/GLD	ADISBG500-GRN-GLD.jpg
BOXEO	ADIDAS	ADISBG500-23-WHT/BLK	ADISBG500-WHT-BLK.jpg
BOXEO	ADIDAS	ADISBG500PRO/BLK	ADISBG500PRO_BLK.jpg
BOXEO	ADIDAS	ADISBG500PRO/BLU	ADISBG500PRO_BLU.jpg
BOXEO	ADIDAS	ADISBG500PRO/GOLD	ADISBG500PRO_GOLD.jpg
BOXEO	ADIDAS	ADISBG500PRO/RED	ADISBG500PRO_RED.jpg
BOXEO	ADIDAS	ADISBG501PRO/BLK	ADISBG501PRO_BLK.jpg
BOXEO	ADIDAS	ADISBG501PRO/BLU	ADISBG501PRO_BLU.jpg
BOXEO	ADIDAS	ADISBG501PRO/GOLD	ADISBG501PRO_GOLD.jpg
BOXEO	ADIDAS	ADISBG501PRO/RED	ADISBG501PRO_RED.jpg
BOXEO	ADIDAS	ADISBG750	ADISBG-750.jpg
BOXEO	ADIDAS	ADISBHG041-BLK/GREY	ADISBHG041-BLK-GREY.jpg
BOXEO	ADIDAS	ADISBHG041-RED/SIL	ADISBHG041-RED-SIL.jpg
BOXEO	ADIDAS	ADISBHG041-ROY/GLD	ADISBHG041-ROY-GLD.jpg
BOXEO	ADIDAS	ADISBHG041-WHT/BLK	ADISBHG041-WHT-BLK.jpg
BOXEO	ADIDAS	ADISBP	ADISBP01.jpg
BOXEO	ADIDAS	ADISBP012-BLK/GLD-L/XL	ADISBP012-BLK-GLD.jpg
BOXEO	ADIDAS	ADISBP012-BLK/WHT-L/XL	ADISBP012-BLK-WHT-S-M.jpg
BOXEO	ADIDAS	ADISBP014-BLK/PNK-S/M	ADISBP014-BLK_PNK.jpg
BOXEO	ADIDAS	ADISBP014-BLK/WHT-L/XL	ADISBP014-BLK_WHT.jpg
BOXEO	ADIDAS	ADISBP022S-BLK/BLK/S	ADISBP0225-BLK-BLK.jpg
BOXEO	ADIDAS	ADISBP022S-RED/BLK/L	ADISBP0225-RED-BLK.jpg
BOXEO	ADIDAS	ADISBP022S-ROY/BLK/L	ADISBP0225-ROY-BLK.jpg
BOXEO	ADIDAS	ADISDP01-BLK/GLD	ADISDP01-BLK-GLD.jpg
BOXEO	ADIDAS	ADISDP01-BLK/WHT	ADISDP01-BLK-WHT.jpg
BOXEO	ADIDAS	ADISMB01-BLK/GLD	ADISMB01-BLK_GLD.jpg
BOXEO	ADIDAS	ADISMB01-BLU/WHT	ADISMB01-BLU_WHT.jpg
BOXEO	ADIDAS	ADISMB01-RED/WHT	ADISMB01-RED_WHT.jpg
BOXEO	ADIDAS	ADISMB03-BLK/GLD	ADISMB03-BLK_GLD.jpg
BOXEO	ADIDAS	ADISPD350HG-BLK/GLD	ADISPD350HG-BLK-GLD.jpg
BOXEO	ADIDAS	ADISPD400FM-BLK/WHT	ADISPD400FM-BLK-WHT.jpg
BOXEO	ADIDAS	ADISPD400FM-MQ-BLK/SIL/PNK	ADISPD400FM-MQ.jpg
BOXEO	ADIDAS	ADISPD50FM-BLK/WHT	ADISPD50FM-BLK-WHT.jpg
BOXEO	ADIDAS	ADISSS	ADISSS01.jpg
BOXEO	ADIDAS	ADITHT350V-BLK/BLK	ADITHT350V-BLK-BLK.jpg
BOXEO	ADIDAS	ADITHT350V-RED/BLK	ADITHT350V-RED-BLK.jpg
BOXEO	ADIDAS	ADITHT350V-ROY/BLK	ADITHT350V-ROY-BLK.jpg
BOXEO	ADIDAS	ADITP300	ADITP300-12OZ.jpg
BOXEO	ADIDAS	KIT20-R/BLACK	KIT20-R-SIL-BLK.jpg
BOXEO	ADIDAS	KIT21-R/BLK	KIT21-R-SIL-BLK.jpg
BOXEO	ADIDAS	KIT23-BLU/BLK	KIT23-BLU-BLK.jpg
BOXEO	ADIDAS	KIT23-LIM/BLK	KIT23-LIM-BLK.jpg
BOXEO	ADIDAS	KIT23-RED/BLK	KIT23-RED-BLK.jpg
BOXEO	ADIDAS	KIT23-SRED/BLK	KIT23-SRED-BLK.jpg
BOXEO	ADIDAS	SPD150TG/ACT	SPD150TG_ACT-RED.jpg
BOXEO	ADIDAS	SPD150TG/BLK	SPD150TG-BLK-10OZ.jpg
BOXEO	ADIDAS	SPD150TG/GREY	SPD150TG-GREY-10OZ.jpg
BOXEO	ADIDAS	SPD150TG/ROY	SPD150TG_ROY.jpg
BOXEO	ADIDAS	SPD250TG/BLK	SPD250TG_BLK.jpg
BOXEO	ADIDAS	SPD250TG/ROY	SPD250TG_ROY.jpg
BOXEO	DURAN	1005D-BLUE/BLK	1005D-BLUE-BLK.jpg
BOXEO	DURAN	1005D-PNK/BLK	1005D-PINK-BLK.jpg
BOXEO	DURAN	1854D/BLK	1854D-BLK.jpg
BOXEO	DURAN	1917D/L	1917D-L-CANVAS.jpg
BOXEO	DURAN	1917D/M	1917D-M-CANVAS.jpg
BOXEO	DURAN	1917D/M-CANVAS PNK	1917D-M-CANVAS PINK.jpg
BOXEO	DURAN	1917D/XL	1917D-XL-CANVAS.jpg
BOXEO	DURAN	3016D BLUE	3016D BLUE.jpg
BOXEO	DURAN	3016D RED	3016D RED.jpg
BOXEO	DURAN	3173D CANVAS	3173D CANVAS.jpg
BOXEO	DURAN	3173D PVC	3173D PVC.jpg
BOXEO	DURAN	3173D/L-CANVAS CAMO	3173D-L-CANVAS CAMO.jpg
BOXEO	DURAN	3174D CANVAS	3174D CANVAS.jpg
BOXEO	DURAN	3174D PVC	3174D PVC.jpg
BOXEO	DURAN	3174D/M-CANVAS CAMO	3174D-M-CANVAS CAMO.jpg
BOXEO	DURAN	3185D CANVAS	3185D CANVAS.jpg
BOXEO	DURAN	3382D BLK	3382D BLK.jpg
BOXEO	DURAN	3382D PINK	3382D PINK.jpg
BOXEO	DURAN	3383D	3383D.jpg
BOXEO	DURAN	3383D NEON/ORG	3383D NEON-ORG.jpg
BOXEO	DURAN	3383D NEON/YEL	3383D NEON-YEL.jpg
BOXEO	DURAN	4400D/BLUE	4400D-BLUE.jpg
BOXEO	DURAN	4400D/PNK	4400D-PNK.jpg
BOXEO	TKO	1005-PNK/BLK	1005-PNK-BLK(10OZ).jpg
BOXEO	TKO	1917/L	1917-L-CANVAS.jpg
BOXEO	TKO	1917/M	1917-M-CANVAS.jpg
BOXEO	TKO	1917/M-CANVAS PNK	1917-M-CANVAS PINK.jpg
BOXEO	TKO	1917/XL	1917-XL-CANVAS.jpg
BOXEO	TKO	3007RED	3007RED(14OZ).jpg
BOXEO	TKO	3036	3036.JPG
BOXEO	TKO	3045 RED/BLACK	3045 RED-BLACK.jpg
BOXEO	TKO	3064LEATHER	3064LEATHER.jpg
BOXEO	TKO	3066PU	3066PU.jpg
BOXEO	TKO	3127BLK	3127BLK(L).jpg
BOXEO	TKO	3145 RED	3145 RED(6OZ).jpg
BOXEO	TKO	3173 CANVAS	3173 CANVAS.jpg
BOXEO	TKO	3173/L-CANVAS CAMO	3173-L-CANVAS CAMO.jpg
BOXEO	TKO	3173PVC	3173PVC.jpg
BOXEO	TKO	3174 CANVAS	3174 CANVAS.jpg
BOXEO	TKO	3174/M-CANVAS CAMO	3174-M-CANVAS CAMO.jpg
BOXEO	TKO	3174PVC	3174PVC.jpg
BOXEO	TKO	3185 CANVAS	3185 CANVAS.jpg
BOXEO	TKO	3382 BLK	3382 BLK.jpg
BOXEO	TKO	3382 NEON/YEL	3382 NEON-YEL.jpg
BOXEO	TKO	3382 PINK	3382 PINK.jpg
BOXEO	TKO	3383	3383.jpg
BOXEO	TKO	3383 NEON/GREEN	3383NEON-GREEN.jpg
BOXEO	TKO	3383 NEON/ORG	3383NEON-ORG.jpg
BOXEO	TKO	3383 NEON/YEL	3383NEON-YEL.jpg
BOXEO	TKO	3385 NEON/GREEN	3385NEON-GREEN.jpg
BOXEO	TKO	3385 NEON/ORG	3385NEON-ORG.jpg
BOXEO	TKO	3385 NEON/YEL	3385NEON-YEL.jpg
BOXEO	TKO	3385/BLK	3385-BLK.jpg
BOXEO	TKO	4400/BLK	4400-BLK.jpg
BOXEO	TKO	4400/RED	4400-RED.jpg
BOXEO	TKO	BOXINGSHORT/GO/YE	BOXINGSHORT-GO-YE-M.jpg
BOXEO	TKO	BOXINGSHORT/RED	BOXINGSHORT-RED-L.jpg
BOXEO	VENUM	EU	EU-VENUM-0181.jpg
BOXEO	VENUM	EU-VENUM	EU-VENUM-1110.jpg
BOXEO	VENUM	EU-VENUM-1392-10oz/PNK	EU-VENUM-1392-PNK.jpg
BOXEO	VENUM	EU-VENUM-1392-NEGRO	EU-VENUM-1392-BLK.jpg
BOXEO	VENUM	VENUM-0181-001	VENUM-0181-001.jpg
BOXEO	VENUM	VENUM-0181-633	VENUM-0181-633.jpg
BOXEO	VENUM	VENUM-02734-114	VENUM-02734-114.jpg
BOXEO	VENUM	VENUM-03052-001	VENUM-03052-001.jpg
BOXEO	VENUM	VENUM-03541-108	VENUM-03541-108.jpg
BOXEO	VENUM	VENUM-03541-114	VENUM-03541-114.jpg
BOXEO	VENUM	VENUM-0430-100	VENUM-0430-100.jpg
BOXEO	VENUM	VENUM-05105-018	VENUM-05105-018.jpg
BOXEO	VENUM	VENUM-05105-048	VENUM-05105-048.jpg
BOXEO	VENUM	VENUM-05105-050	VENUM-05105-050.jpg
BOXEO	VENUM	VENUM-05105-424	VENUM-05105-424.jpg
BOXEO	VENUM	VENUM-05106-018	VENUM-05106-018.jpg
BOXEO	VENUM	VENUM-05106-050	VENUM-05106-050.jpg
BOXEO	VENUM	VENUM-05106-414	VENUM-05106-414.jpg
BOXEO	VENUM	VENUM-05106-642	VENUM-05106-642.jpg
BOXEO	VENUM	VENUM-05141-454	VENUM-05141-454.jpg
BOXEO	VENUM	VENUM-05152-129	VENUM-05152-129.jpg
BOXEO	VENUM	VENUM-05153-010	VENUM-05153-010.jpg
BOXEO	VENUM	VENUM-05181-050	VENUM-05181-050.jpg
BOXEO	VENUM	VENUM-05181-108	VENUM-05181-108.jpg
BOXEO	VENUM	VENUM-05181-109	VENUM-05181-109.jpg
BOXEO	VENUM	VENUM-05181-129	VENUM-05181-129.jpg
BOXEO	VENUM	VENUM-05395-005	VENUM-05395-005.jpg
BOXEO	VENUM	VENUM-05395-015	VENUM-05395-015.jpg
BOXEO	VENUM	VENUM-05725-128	VENUM-05725-128.jpg
BOXEO	VENUM	VENUM-05732-129	VENUM-05732-129.jpg
BOXEO	VENUM	VENUM-05755-109	VENUM-05755-109.jpg
BOXEO	VENUM	VENUM-05755-590	VENUM-05755-590.jpg
BOXEO	VENUM	VENUM-05789-050	VENUM-05789-050.jpg
BOXEO	VENUM	VENUM-05789-056	VENUM-05789-056.jpg
BOXEO	VENUM	VENUM-05804-001	VENUM-05804-001.jpg
BOXEO	VENUM	VENUM-05804-018	VENUM-05804-018.jpg
BOXEO	VENUM	VENUM-05804-035	VENUM-05804-035.jpg
BOXEO	VENUM	VENUM-05854-100	VENUM-05854-100.jpg
BOXEO	VENUM	VENUM-05886-011	VENUM-05886-011.jpg
BOXEO	VENUM	VENUM-05893-001	VENUM-05893-001.jpg
BOXEO	VENUM	VENUM-05893-002	VENUM-05893-002.jpg
BOXEO	VENUM	VENUM-05893-018	VENUM-05893-018.jpg
BOXEO	VENUM	VENUM-05895-001	VENUM-05895-001.jpg
BOXEO	VENUM	VENUM-05895-035	VENUM-05895-035.jpg
BOXEO	VENUM	VENUM-05895-056	VENUM-05895-056.jpg
BOXEO	VENUM	VENUM-05896-004	VENUM-05896-004.jpg
BOXEO	VENUM	VENUM-05896-035	VENUM-05896-035.jpg
BOXEO	VENUM	VENUM-05897-004	VENUM-05897-004.jpg
BOXEO	VENUM	VENUM-05897-035	VENUM-05897-035.jpg
BOXEO	VENUM	VENUM-05900-011	VENUM-05900-011.jpg
BOXEO	VENUM	VENUM-05900-040	VENUM-05900-040.jpg
BOXEO	VENUM	VENUM-05947-004	VENUM-05947-004.jpg
BOXEO	VENUM	VENUM-05950-050	VENUM-05950-050.jpg
BOXEO	VENUM	VENUM-05951-050	VENUM-05951-050.jpg
BOXEO	VENUM	VENUM-05956-108	VENUM-05956-108.jpg
BOXEO	VENUM	VENUM-05957-042	VENUM-05957-042.jpg
BOXEO	VENUM	VENUM-05957-108	VENUM-05957-108.jpg
BOXEO	VENUM	VENUM-05958-003	VENUM-05958-003.jpg
BOXEO	VENUM	VENUM-05958-005	VENUM-05958-005.jpg
BOXEO	VENUM	VENUM-05958-009	VENUM-05958-009.jpg
BOXEO	VENUM	VENUM-05985-108	VENUM-05985-108.jpg
BOXEO	VENUM	VENUM-0984-431	VENUM-0984-431.jpg
BOXEO	VENUM	VENUM-1392-053	VENUM-1392-053.jpg
BOXEO	VENUM	VENUM-1392-537	VENUM-1392-537.jpg
BOXEO	VENUM	VENUM-1395-432	VENUM-1395-432.jpg
BOXEO	VENUM	VENUM-1395-537	VENUM-1395-537.jpg
BOXEO	VENUM	VENUM-2052-126	VENUM-2052-126.jpg
CALZADO	ADIDAS	ADIKBB300-BLK/GLD	ADIKBB300-BLK-GLD.jpg
CALZADO	ADIDAS	ADIKBB300-BLU/SIL	ADIKBB300-BLU-SIL.jpg
CALZADO	ADIDAS	ADIKBB300-RED/GLD	ADIKBB300-RED-GLD.jpg
CALZADO	ADIDAS	FX0561	FX0561.jpg
CALZADO	ADIDAS	GZ6116	GZ6116.jpg
CALZADO	VENUM	VENUM-05019-002	VENUM-05019-002.jpg
CRONOMETROS	WESTON	JS	JS-306.jpg
EJERCICIOS	ADIDAS	ADIJRW	ADIJRW01.jpg
EJERCICIOS	ADIDAS	ADISS01CS/L	ADISS01CS-L.jpg
EJERCICIOS	WESTON	BP	IR97756.jpg
EJERCICIOS	WESTON	FWB	FWB-001.jpg
EJERCICIOS	WESTON	HG	HG-12PA2.jpg
EJERCICIOS	WESTON	HG-01A2/BLUE	HG-01A2-BLUE.jpg
EJERCICIOS	WESTON	IR	IR97748.jpg
EJERCICIOS	WESTON	JR	JR-01A.jpg
EJERCICIOS	WESTON	JR-04/BLK	JR-04-BLK.jpg
EJERCICIOS	WESTON	JR-05/BLK	JR-05-BLK.jpg
EJERCICIOS	WESTON	JR-10A/BLUE	JR-10A-BLUE.jpg
EJERCICIOS	WESTON	JR-10A/PNK	JR-10A-PNK.jpg
EJERCICIOS	WESTON	JR-17/BLK	JR-17Y-BLK.jpg
EJERCICIOS	WESTON	JR-17/YEL	JR-17Y-YEL.jpg
EJERCICIOS	WESTON	JR32/BLUE	JR32-BLUE.jpg
EJERCICIOS	WESTON	JR32/GRN	JR32-GRN.jpg
EJERCICIOS	WESTON	JR32/PNK	JR32-PNK.jpg
EJERCICIOS	WESTON	JR32/YEL	JR32-YEL.jpg
EJERCICIOS	WESTON	JR46	JR46-ORANGE.jpg
EJERCICIOS	WESTON	SS-01/XL	SS-01.jpg
GORRAS	UFC VENUM	VNMUFC	VNMUFC-00265-651.jpg
GORRAS	VENUM	VENUM-05082-003	VENUM-05082-003.jpg
GORRAS	VENUM	VENUM-05082-035	VENUM-05082-035.jpg
GORRAS	VENUM	VENUM-05082-052	VENUM-05082-052.jpg
GORRAS	VENUM	VENUM-05082-058	VENUM-05082-058.jpg
GORRAS	VENUM	VENUM-05296-002	VENUM-05296-002.jpg
GORRAS	VENUM	VENUM-05296-003	VENUM-05296-003.jpg
GORRAS	VENUM	VENUM-05296-004	VENUM-05296-004.jpg
GORRAS	VENUM	VENUM-05296-005	VENUM-05296-005.jpg
GORRAS	VENUM	VENUM-05296-009	VENUM-05296-009.jpg
GORRAS	VENUM	VENUM-05297-001	VENUM-05297-001.jpg
GORRAS	VENUM	VENUM-05297-002	VENUM-05297-002.jpg
GORRAS	VENUM	VENUM-05399-015	VENUM-05399-015.jpg
GORRAS	VENUM	VENUM-05399-618	VENUM-05399-618.jpg
JIUJITSU	ADIDAS	ADIGJJ01/BLU	ADIGJJ01-BLU.jpg
JIUJITSU	ADIDAS	ADIGJJ01/RED	ADIGJJ01-RED.jpg
JUDO	ADIDAS	ADIB242J	ADIB242J.jpg
JUDO	ADIDAS	J-IJF3/160	J-IJF3.jpg
JUDO	ADIDAS	J-IJFB3/160	J-IJFB3.jpg
JUDO	ADIDAS	J200E-WB-WHT/BLU110	J200E-WB-WHT-BLU.jpg
JUDO	ADIDAS	J200E-WB-WHT/PNK110	J200E-WB-WHT-PNK.jpg
JUDO	ADIDAS	J200E-WB/130	J200E-WB.jpg
JUDO	ADIDAS	J250	K200-20WB-100.jpg
JUDO	ADIDAS	J250E-WB/120	J250EB.jpg
JUDO	ADIDAS	J350BP	J350BP.jpg
JUDO	ADIDAS	J350BP-BLU/GLD	J350BP-BLU-GLD.jpg
JUDO	ADIDAS	J350BR	J350BR-BS.jpg
JUDO	ADIDAS	J350P	J350P.jpg
JUDO	ADIDAS	J350P-WHT/GLD	J350P-WHT-GLD.jpg
JUDO	ADIDAS	J350R	J350R.jpg
JUDO	ADIDAS	J500-150/BLU	J500-BLU.jpg
JUDO	ADIDAS	J500/150	J500.jpg
JUDO	ADIDAS	J650BP-BLU/BRZ	J650BP-BLU-BRZ.jpg
JUDO	ADIDAS	J650P-WHT/BRZ	J650P-WHT-BRZ.jpg
JUDO	VENUM	VENUM-04756-002	VENUM-04756-002.jpg
JUDO	VENUM	VENUM-04756-004	VENUM-04756-004.jpg
JUDO	VENUM	VENUM-04756-017	VENUM-04756-017.jpg
JUDO	VENUM	VENUM-05064-617	VENUM-05064-617.jpg
KARATE	ADIDAS	661.11/WHT	661-11-WHT.jpg
KARATE	ADIDAS	661.22-20/BLU	661-22-2-0 BLU.jpg
KARATE	ADIDAS	661.22-20/RED	661-22-2-0 RED.jpg
KARATE	ADIDAS	661.22/BLUE	661-22 BLU.jpg
KARATE	ADIDAS	661.22/RED	661-22-RED.jpg
KARATE	ADIDAS	661.23-20/BLU	661-23-2-0 BLU.jpg
KARATE	ADIDAS	661.23-20/RED	661-23-2-0 RED.jpg
KARATE	ADIDAS	661.23/BLUE	661-23 BLU.jpg
KARATE	ADIDAS	661.23/RED	661-23 RED.jpg
KARATE	ADIDAS	661.35-20/BLU	661-35-RED.jpg
KARATE	ADIDAS	661.35/BLU	661-35-BLU.jpg
KARATE	ADIDAS	661.36/BLK	661-36-BLK.jpg
KARATE	ADIDAS	661.36/WHT	661-36-WHT.jpg
KARATE	ADIDAS	666.14/L	666-14.jpg
KARATE	ADIDAS	ADIP01/L	ADIP01_S.jpg
KARATE	ADIDAS	ADIP03/BLU	ADIP03-BLU.jpg
KARATE	ADIDAS	ADITHK01/BLK	ADITHK01_BLK.jpg
KARATE	ADIDAS	K0-2.0/170-WHT/SIL	K0-2-0-WHT-SIL.jpg
KARATE	ADIDAS	K0ST-2.0/170-WHT/BLU	K0-2-0-WHT-BLU.jpg
KARATE	ADIDAS	K0ST-2.0/170-WHT/RED	K0-2-0-WHT-RED.jpg
KARATE	ADIDAS	K200	K200-20WB.jpg
KARATE	ADIDAS	K200E/120	K200E.jpg
KARATE	ADIDAS	K220C	K220C.jpg
KARATE	ADIDAS	K220DNAWKF/140	K220DNAWKF-WB.jpg
KARATE	ADIDAS	K280-20/120	K280-20.jpg
KARATE	ADIDAS	K300	K300.jpg
KARATE	ADIDAS	K999	K999.jpg
KARATE	ADIDAS	K999ST	K999ST-WB.jpg
KARATE	TKO	3122PU BLACK	3122PU BLACK.jpg
KARATE	TKO	3122PU BLUE	3122PU BLUE.jpg
KARATE	TKO	3122PU RED	3122PU RED.jpg
KARATE	TKO	3125/BLUE	3125-BLUE.JPG
KARATE	TKO	3125/RED	3125-RED.jpg
KARATE	TKO	3222(5)	3222(5).jpg
KICKBOXING	ADIDAS	ADIAS50SGG	ADIAS50SGG.jpg
KICKBOXING	ADIDAS	ADIBP07-BLK/L	ADIBP07B-BLK.jpg
KICKBOXING	ADIDAS	ADIBP07-BLU/L	ADIBP07B-BLU.jpg
KICKBOXING	ADIDAS	ADIBP07-RED/L	ADIBP07B-RED.jpg
KICKBOXING	ADIDAS	ADIBP08B-BLU/S	ADIBP08B-BLU.jpg
KICKBOXING	ADIDAS	ADIBP08B-RED/L	ADIBP08B-RED.jpg
KICKBOXING	ADIDAS	ADICSG041/L	ADICSG041_S.jpg
KICKBOXING	ADIDAS	ADICSG041M/L	ADICSG041M_S.jpg
KICKBOXING	ADIDAS	ADIKBB100-BLK/XXS	ADIKBB100-BLK.jpg
KICKBOXING	ADIDAS	ADIKBB100-BLU/L	ADIKBB100-BLU.jpg
KICKBOXING	ADIDAS	ADIKBB100-RED/L	ADIKBB100-RED.jpg
KICKBOXING	ADIDAS	ADIKBPF300-BLK/GLD	ADIKBPF300-BLK-GLD.jpg
KICKBOXING	ADIDAS	ADIKBPF300-BLU/SIL	ADIKBPF300-BLU-SIL.jpg
KICKBOXING	ADIDAS	ADIKBPF300-RED/GLD	ADIKBPF300-RED-GLD.jpg
KICKBOXING	ADIDAS	ADIKBSI300-RED/GLD	ADIKBSI300-RED-GLD.jpg
KICKBOXING	ADIDAS	ADIKBUN100S-BLK/WHT	ADIKBUN100S-BLK_WHT-120.jpg
KICKBOXING	ADIDAS	ADIKBUN100S-RED/WHT	ADIKBUN100S-RED_WHT-120.jpg
KICKBOXING	ADIDAS	ADIKBUN100S-ROY/WHT	ADIKBUN100S-ROY_WHT-120.jpg
KICKBOXING	ADIDAS	ADIWAKOG2	ADIWAKOG2-BLU.jpg
KICKBOXING	ADIDAS	ADIWAKOST1-BLK	ADIWAKOST1-BLK.jpg
KICKBOXING	ADIDAS	ADIWAKOST1-BLU	ADIWAKOST1-BLU.jpg
KICKBOXING	ADIDAS	ADIWAKOST1-RED	ADIWAKOST1-RED.jpg
KICKBOXING	ADIDAS	ADIWAKOST1-WHT	ADIWAKOST1-WHT.jpg
PROTECCION	ADIDAS	ADIBAC041/BLK	ADIBAC041_BLK.jpg
PROTECCION	ADIDAS	ADIBAC05/BLK	ADIBAC05_BLK.jpg
PROTECCION	ADIDAS	ADIBAC051/BLK	ADIBAC051_BLK.jpg
PROTECCION	ADIDAS	ADIBAC06/BLK	ADIBAC06-BLK.jpg
PROTECCION	ADIDAS	ADIBP05/BLK	ADIBP05-BLK.jpg
PROTECCION	ADIDAS	ADIBP05/GRN	ADIBP05-GRN.jpg
PROTECCION	ADIDAS	ADIBP05/WHT	ADIBP05-WHT.jpg
PROTECCION	ADIDAS	ADIPGG01M-WHT/BLK	ADIPGG01M-WHT-BLK.jpg
PROTECCION	ADIDAS	ADIPGG01PRO/BLK	ADIPGG01PRO_BLK.jpg
PROTECCION	ADIDAS	ADIPGG01PRO/BLU	ADIPGG01PRO_BLU.jpg
PROTECCION	ADIDAS	ADISPD350GG-BLK/GLD	ADISPD350GG-BLK-GLD.jpg
PROTECCION	VENUM	EU-VENUM-0173-NEGRO	EU-VENUM-0173-BLU.jpg
PROTECCION	VENUM	EU-VENUM-0773-NEGRO	EU-VENUM-0773.jpg
PROTECCION	VENUM	EU-VENUM-1062-NEGRO	EU-VENUM-1062.jpg
PROTECCION	VENUM	VENUM-0173-200	VENUM-0173-200.jpg
PROTECCION	VENUM	VENUM-0178-633	VENUM-0178-633.jpg
PROTECCION	VENUM	VENUM-0480-633	VENUM-0480-633.jpg
PROTECCION	VENUM	VENUM-0482-633	VENUM-0482-633.jpg
PROTECCION	VENUM	VENUM-05757-109	VENUM-05757-109.jpg
PROTECCION	VENUM	VENUM-05757-590	VENUM-05757-590.jpg
PROTECCION	VENUM	VENUM-0621-200	VENUM-0621-200.jpg
PROTECCION	VENUM	VENUM-2050-114	VENUM-2050-114.jpg
RINGHORNS	VENUM	RH	RH-00015-001.jpg
ROPA	ADIDAS	ADIBXWJK01/M	ADIBXWJ01.jpg
ROPA	ADIDAS	ADIBXWSH01/L	ADIBXWSH01.jpg
ROPA	ADIDAS	ADIBXWTHJ01/L	ADIBXWTHJ01.jpg
ROPA	ADIDAS	ADIBXWTSH01/XL	ADIBXWTSH01.jpg
ROPA	ADIDAS	ADICLHD21-B-GRY/BLK	ADICLHD21-B-GRY_BLK.jpg
ROPA	ADIDAS	ADICLHD21-B-WHT/BLK	ADICLHD21-B-WHT_BLK.jpg
ROPA	ADIDAS	ADICLHD24-K/BLK	ADICLHD24-K.jpg
ROPA	ADIDAS	ADICLSH21-B-GRY/BLK	ADICLSH21-B-GRY_BLK.jpg
ROPA	ADIDAS	ADICLSH21-B-WHT/BLK	ADICLSH21-B-WHT-BLK.jpg
ROPA	ADIDAS	ADICLST21-B-WHT/BLK	ADICLST21-B-WHT_BLK.jpg
ROPA	ADIDAS	ADICLTS21-B-GRY/BLK	ADICLTS21-B-GRY_BLK.jpg
ROPA	ADIDAS	ADICLTS24-CS/BLK	ADICLTS24-CS-BLK.jpg
ROPA	ADIDAS	ADICLTS24-CS/GREY	ADICLTS24-CS-GREY.jpg
ROPA	ADIDAS	ADICLTS24-CS/WHT	ADICLTS24-CS-WHT.jpg
ROPA	ADIDAS	ADICLTS24-JJ/GRN	ADICLTS24-CS-JJ.jpg
ROPA	ADIDAS	ADICLTS24-K/BLK	ADICLTS24-K.jpg
ROPA	ADIDAS	ADICLTSPS-CS/H-GREY	ADICLTSPS-CS-GREY.jpg
ROPA	ADIDAS	ADICLTSPS-CS/OLIVE	ADICLTSPS-CS-OLIVE.jpg
ROPA	ADIDAS	ADICLTSPS-CS/SCARLET	ADICLTSPS-CS-SCARLET.jpg
ROPA	ADIDAS	ADICLTT24-CS/BLK	ADICLTT24-CS-BLK.jpg
ROPA	ADIDAS	ADICLTT24-CS/GREY	ADICLTT24-CS-GREY.jpg
ROPA	ADIDAS	ADICLTT24-CS/WHT	ADICLTT24-CS-WHT.jpg
ROPA	ADIDAS	ADICSJ02KB-WHT/BLK/L	ADICSJ02KB-WHT-BLK-S.jpg
ROPA	ADIDAS	ADICSL04KB-BLK/WHT/XL	ADICSL04KB-BLK-WHT-S.jpg
ROPA	ADIDAS	ADICSL05KB-BLK/WHT/L	ADICSL05KB-BLK-WHT-S.jpg
ROPA	ADIDAS	ADICSTS01KB-BLK/WHT/S	ADICSTS01KB-BLK-WHT-S.jpg
ROPA	ADIDAS	ADICSTS01KB-GREY/BLK/L	ADICSTS01KB-GREY-BLK-S.jpg
ROPA	ADIDAS	ADICSTS01KB-WHT/BLK/L	ADICSTS01KB-WHT-BLK-S.jpg
ROPA	ADIDAS	ADIMATS02-WKF/BLK-BLU	ADIMATS02-WKF-BLK-BLU.jpg
ROPA	ADIDAS	ADIMATS02-WKF/BLK-RED	ADIMATS02-WKF-BLK-RED.jpg
ROPA	ADIDAS	ADITLTS/WHT	ADITLTS-WHT.jpg
ROPA	ADIDAS	ADITSG2/V2T-BLK/RED	ADITSG2_V2T-BLK_RED.jpg
ROPA	ADIDAS	ADITSG2/V2T-BLK/WHT	ADITSG2_V2T-BLK_WHT.jpg
ROPA	ADIDAS	ADITSG2/V2T-WHT/BLK	ADITSG2V2T-WHT_BLK.jpg
ROPA	ADIDAS	ADITSG2/V2T-WHT/BLU	ADITSG2V2T-WHT_BLU.jpg
ROPA	ADIDAS	ADITSG2V2T-BLK/RED	ADITSG2V2T-BLK_RED.jpg
ROPA	ADIDAS	ADITSG2V2T-BLK/WHT	ADITSG2V2T-BLK_WHT.jpg
ROPA	ADIDAS	ADIWBCSH01-HGREY/BLK	ADIWBCSH01-HGREY-BLK.jpg
ROPA	ADIDAS	ADIWBCTS2/BLK	ADIWBCTS2-BLK.jpg
ROPA	ADIDAS	ADIWBCTS24/BLK	ADIWBCTS24-BLK.jpg
ROPA	ADIDAS	BJJRGSS03W-WHT/BLU/ORG	BJJRGSS03W-WHT-BLU-ORG.jpg
ROPA	ADIDAS	TR40B-BLK	TR40B-BLK.jpg
ROPA	ADIDAS	TR40B-BLU	TR40B-BLU.jpg
ROPA	ADIDAS	TR40B-RED	TR40B-RED.jpg
ROPA	ADIDAS	TR40B-WHT	TR40B-WHT.jpg
ROPA	ADIDAS	TR41B-BLU	TR41B-BLU.jpg
ROPA	ADIDAS	TR41B-RED	TR41B-RED.jpg
ROPA	ADIDAS	TR41B-WHT	TR41B-WHT.jpg
ROPA	UFC VENUM	VNMUFC-00014-001/L	VNMUFC-00014-001.jpg
ROPA	UFC VENUM	VNMUFC-00041-018/L	VNMUFC-00041-018.jpg
ROPA	UFC VENUM	VNMUFC-00042-001/L	VNMUFC-00042-001.jpg
ROPA	UFC VENUM	VNMUFC-00043-001/L	VNMUFC-00043-001.jpg
ROPA	UFC VENUM	VNMUFC-00043-015/M	VNMUFC-00043-015.jpg
ROPA	UFC VENUM	VNMUFC-00044-015/L	VNMUFC-00044-015.jpg
ROPA	UFC VENUM	VNMUFC-00045-015/L	VNMUFC-00045-015.jpg
ROPA	UFC VENUM	VNMUFC-00047-001/L	VNMUFC-00047-001.jpg
ROPA	UFC VENUM	VNMUFC-00051-001/M	VNMUFC-00051-001.jpg
ROPA	UFC VENUM	VNMUFC-00051-015/M	VNMUFC-00051-015.jpg
ROPA	UFC VENUM	VNMUFC-00052-001/L	VNMUFC-00052-001.jpg
ROPA	UFC VENUM	VNMUFC-00052-010/L	VNMUFC-00052-010.jpg
ROPA	UFC VENUM	VNMUFC-00052-015/L	VNMUFC-00052-015.jpg
ROPA	UFC VENUM	VNMUFC-00058-010/L	VNMUFC-00058-010.jpg
ROPA	UFC VENUM	VNMUFC-00060-001/L	VNMUFC-00060-001.jpg
ROPA	UFC VENUM	VNMUFC-00060-002/M	VNMUFC-00060-002.jpg
ROPA	UFC VENUM	VNMUFC-00067-001/L	VNMUFC-00067-001.jpg
ROPA	UFC VENUM	VNMUFC-00068-126/L	VNMUFC-00068-126.jpg
ROPA	UFC VENUM	VNMUFC-00070-001/M	VNMUFC-00070-001.jpg
ROPA	UFC VENUM	VNMUFC-00071-001/L	VNMUFC-00071-001.jpg
ROPA	UFC VENUM	VNMUFC-00071-126/L	VNMUFC-00071-126.jpg
ROPA	UFC VENUM	VNMUFC-00075-001/L	VNMUFC-00075-001.jpg
ROPA	UFC VENUM	VNMUFC-00137-002/S	VNMUFC-00137-002.jpg
ROPA	UFC VENUM	VNMUFC-00153-001/L	VNMUFC-00153-001.jpg
ROPA	UFC VENUM	VNMUFC-00153-002/L	VNMUFC-00153-002.jpg
ROPA	UFC VENUM	VNMUFC-00153-126/M	VNMUFC-00153-126.jpg
ROPA	UFC VENUM	VNMUFC-00154-001/L	VNMUFC-00154-001.jpg
ROPA	UFC VENUM	VNMUFC-00154-002/L	VNMUFC-00154-002.jpg
ROPA	UFC VENUM	VNMUFC-00251-108/L	VNMUFC-00251-108.jpg
ROPA	UFC VENUM	VNMUFC-00251-614/L	VNMUFC-00251-614.jpg
ROPA	UFC VENUM	VNMUFC-00254-414/S	VNMUFC-00254-414.jpg
ROPA	UFC VENUM	VNMUFC-00266-651/XL	VNMUFC-00266-651.jpg
ROPA	VENUM	VENUM-03526-002	VENUM-03526-002.jpg
ROPA	VENUM	VENUM-03526-018	VENUM-03526-018.jpg
ROPA	VENUM	VENUM-03813-533	VENUM-03813-533.jpg
ROPA	VENUM	VENUM-04459-018	VENUM-04459-018.jpg
ROPA	VENUM	VENUM-04600-001	VENUM-04600-001.jpg
ROPA	VENUM	VENUM-04702-001	VENUM-04702-001.jpg
ROPA	VENUM	VENUM-04703-001	VENUM-04703-001.jpg
ROPA	VENUM	VENUM-04710-109	VENUM-04710-109.jpg
ROPA	VENUM	VENUM-04717-001	VENUM-04717-001.jpg
ROPA	VENUM	VENUM-04727-100	VENUM-04727-100.jpg
ROPA	VENUM	VENUM-04875-004	VENUM-04875-004.jpg
ROPA	VENUM	VENUM-04875-009	VENUM-04875-009.jpg
ROPA	VENUM	VENUM-04875-015	VENUM-04875-015.jpg
ROPA	VENUM	VENUM-05000-018	VENUM-05000-018.jpg
ROPA	VENUM	VENUM-05005-049	VENUM-05214-001.jpg
ROPA	VENUM	VENUM-05010-534	VENUM-05010-534.jpg
ROPA	VENUM	VENUM-05015-004	VENUM-05015-004.jpg
ROPA	VENUM	VENUM-05016-004	VENUM-05016-004.jpg
ROPA	VENUM	VENUM-05017-003	VENUM-05017-004.jpg
ROPA	VENUM	VENUM-05167-210	VENUM-05167-210.jpg
ROPA	VENUM	VENUM-05199-109	VENUM-05199-109.jpg
ROPA	VENUM	VENUM-05201-109	VENUM-05201-109.jpg
ROPA	VENUM	VENUM-05205-425	VENUM-05205-425.jpg
ROPA	VENUM	VENUM-05205-614	VENUM-05205-614.jpg
ROPA	VENUM	VENUM-05205-635	VENUM-05205-635.jpg
ROPA	VENUM	VENUM-05214-018	VENUM-05214-018.jpg
ROPA	VENUM	VENUM-05218-059	VENUM-05218-059.jpg
ROPA	VENUM	VENUM-05218-637	VENUM-05218-637.jpg
ROPA	VENUM	VENUM-05219-059	VENUM-05219-059.jpg
ROPA	VENUM	VENUM-05219-637	VENUM-05219-637.jpg
ROPA	VENUM	VENUM-05220-637	VENUM-05220-637.jpg
ROPA	VENUM	VENUM-05222-642	VENUM-05222-642.jpg
ROPA	VENUM	VENUM-05231-016	VENUM-05231-016.jpg
ROPA	VENUM	VENUM-05303-004	VENUM-05303-004.jpg
ROPA	VENUM	VENUM-05306-004	VENUM-05306-004.jpg
ROPA	VENUM	VENUM-05309-004	VENUM-05309-004.jpg
ROPA	VENUM	VENUM-05355-577	VENUM-05355-577.jpg
ROPA	VENUM	VENUM-05356-577	VENUM-05356-577.jpg
ROPA	VENUM	VENUM-05759-109	VENUM-05759-109.jpg
ROPA	VENUM	VENUM-05764-001	VENUM-05764-001.jpg
TAEKWONDO	ADIDAS	ADITHGM01-RED/XS	ADITHGM01-RED.jpg
