sku,motivo
"1854D/BLK","No coincide con formatos generales admitidos (mixto, nuevo o legado)"
"3007RED(14OZ)","No coincide con formatos generales admitidos (mixto, nuevo o legado)"
"3016D BLUE(10OZ)","No coincide con formatos generales admitidos (mixto, nuevo o legado)"
"3016D RED(10OZ)","No coincide con formatos generales admitidos (mixto, nuevo o legado)"
"3022D-BLACK","No coincide con formatos generales admitidos (mixto, nuevo o legado)"
"3036","No coincide con formatos generales admitidos (mixto, nuevo o legado)"
"3045 RED/BLACK","No coincide con formatos generales admitidos (mixto, nuevo o legado)"
"3064LEATHER","No coincide con formatos generales admitidos (mixto, nuevo o legado)"
"3066PU","No coincide con formatos generales admitidos (mixto, nuevo o legado)"
"3122PU BLACK","No coincide con formatos generales admitidos (mixto, nuevo o legado)"
"3122PU BLUE","No coincide con formatos generales admitidos (mixto, nuevo o legado)"
"3122PU RED","No coincide con formatos generales admitidos (mixto, nuevo o legado)"
"3125/BLUE","No coincide con formatos generales admitidos (mixto, nuevo o legado)"
"3125/RED","No coincide con formatos generales admitidos (mixto, nuevo o legado)"
"3127BLK(L)","No coincide con formatos generales admitidos (mixto, nuevo o legado)"
"3145 RED(6OZ)","No coincide con formatos generales admitidos (mixto, nuevo o legado)"
"3173 CANVAS","No coincide con formatos generales admitidos (mixto, nuevo o legado)"
"3173D CANVAS","No coincide con formatos generales admitidos (mixto, nuevo o legado)"
"3173D PVC","No coincide con formatos generales admitidos (mixto, nuevo o legado)"
"3173PVC","No coincide con formatos generales admitidos (mixto, nuevo o legado)"
"3174 CANVAS","No coincide con formatos generales admitidos (mixto, nuevo o legado)"
"3174D CANVAS","No coincide con formatos generales admitidos (mixto, nuevo o legado)"
"3174D PVC","No coincide con formatos generales admitidos (mixto, nuevo o legado)"
"3174PVC","No coincide con formatos generales admitidos (mixto, nuevo o legado)"
"3185 CANVAS","No coincide con formatos generales admitidos (mixto, nuevo o legado)"
"3185D CANVAS","No coincide con formatos generales admitidos (mixto, nuevo o legado)"
"3222(5)","No coincide con formatos generales admitidos (mixto, nuevo o legado)"
"3382 BLK","No coincide con formatos generales admitidos (mixto, nuevo o legado)"
"3382 NEON/YEL","No coincide con formatos generales admitidos (mixto, nuevo o legado)"
"3382 PINK","No coincide con formatos generales admitidos (mixto, nuevo o legado)"
"3382D BLK","No coincide con formatos generales admitidos (mixto, nuevo o legado)"
"3382D PINK","No coincide con formatos generales admitidos (mixto, nuevo o legado)"
"3383","No coincide con formatos generales admitidos (mixto, nuevo o legado)"
"3383 NEON/GREEN","No coincide con formatos generales admitidos (mixto, nuevo o legado)"
"3383 NEON/ORG","No coincide con formatos generales admitidos (mixto, nuevo o legado)"
"3383 NEON/YEL","No coincide con formatos generales admitidos (mixto, nuevo o legado)"
"3383D","No coincide con formatos generales admitidos (mixto, nuevo o legado)"
"3383D NEON/ORG","No coincide con formatos generales admitidos (mixto, nuevo o legado)"
"3383D NEON/YEL","No coincide con formatos generales admitidos (mixto, nuevo o legado)"
"3385 NEON/GREEN","No coincide con formatos generales admitidos (mixto, nuevo o legado)"
"3385 NEON/ORG","No coincide con formatos generales admitidos (mixto, nuevo o legado)"
"3385 NEON/YEL","No coincide con formatos generales admitidos (mixto, nuevo o legado)"
"3385/BLK","No coincide con formatos generales admitidos (mixto, nuevo o legado)"
"4400/BLK","No coincide con formatos generales admitidos (mixto, nuevo o legado)"
"4400/RED","No coincide con formatos generales admitidos (mixto, nuevo o legado)"
"4400D/BLUE","No coincide con formatos generales admitidos (mixto, nuevo o legado)"
"4400D/PNK","No coincide con formatos generales admitidos (mixto, nuevo o legado)"
"666.14/L","No coincide con formatos generales admitidos (mixto, nuevo o legado)"
"666.14/M","No coincide con formatos generales admitidos (mixto, nuevo o legado)"
"666.14/S","No coincide con formatos generales admitidos (mixto, nuevo o legado)"
"666.14/XL","No coincide con formatos generales admitidos (mixto, nuevo o legado)"
"666.14/XS","No coincide con formatos generales admitidos (mixto, nuevo o legado)"
"8918-B","No coincide con formatos generales admitidos (mixto, nuevo o legado)"
"ADIACC070","No coincide con formatos generales admitidos (mixto, nuevo o legado)"
"ADIACC071","No coincide con formatos generales admitidos (mixto, nuevo o legado)"
"ADIACC072","No coincide con formatos generales admitidos (mixto, nuevo o legado)"
"ADIACC073","No coincide con formatos generales admitidos (mixto, nuevo o legado)"
"ADIACCM02-BLK","No coincide con formatos generales admitidos (mixto, nuevo o legado)"
"ADIAS50FM-WBY","No coincide con formatos generales admitidos (mixto, nuevo o legado)"
"ADIAS50HG-L","No coincide con formatos generales admitidos (mixto, nuevo o legado)"
"ADIAS50HG-M","No coincide con formatos generales admitidos (mixto, nuevo o legado)"
"ADIAS50HG-XL","No coincide con formatos generales admitidos (mixto, nuevo o legado)"
"ADIAS50SGG-L","No coincide con formatos generales admitidos (mixto, nuevo o legado)"
"ADIAS50SGG-M","No coincide con formatos generales admitidos (mixto, nuevo o legado)"
"ADIAS50SGG-S","No coincide con formatos generales admitidos (mixto, nuevo o legado)"
"ADIAS50SGG-XL","No coincide con formatos generales admitidos (mixto, nuevo o legado)"
"ADIB220P/BLUE","No coincide con formatos generales admitidos (mixto, nuevo o legado)"
"ADIB220P/BRW","No coincide con formatos generales admitidos (mixto, nuevo o legado)"
"ADIB220P/GREEN","No coincide con formatos generales admitidos (mixto, nuevo o legado)"
"ADIB220P/ORG","No coincide con formatos generales admitidos (mixto, nuevo o legado)"
"ADIB220P/PUR","No coincide con formatos generales admitidos (mixto, nuevo o legado)"
"ADIB220P/RED","No coincide con formatos generales admitidos (mixto, nuevo o legado)"
"ADIB220P/WHT","No coincide con formatos generales admitidos (mixto, nuevo o legado)"
"ADIB220P/YEL","No coincide con formatos generales admitidos (mixto, nuevo o legado)"
"ADIB242J/260","No coincide con formatos generales admitidos (mixto, nuevo o legado)"
"ADIB242J/280","No coincide con formatos generales admitidos (mixto, nuevo o legado)"
"ADIB242J/300","No coincide con formatos generales admitidos (mixto, nuevo o legado)"
"ADIBAC031/BLK","No coincide con formatos generales admitidos (mixto, nuevo o legado)"
"ADIBAC041/BLK","No coincide con formatos generales admitidos (mixto, nuevo o legado)"
"ADIBAC05/BLK","No coincide con formatos generales admitidos (mixto, nuevo o legado)"
"ADIBAC051/BLK","No coincide con formatos generales admitidos (mixto, nuevo o legado)"
"ADIBAC06/BLK","No coincide con formatos generales admitidos (mixto, nuevo o legado)"
"ADIBAC19","No coincide con formatos generales admitidos (mixto, nuevo o legado)"
"ADIBAC23-18KG","No coincide con formatos generales admitidos (mixto, nuevo o legado)"
"ADIBAC23-30KG","No coincide con formatos generales admitidos (mixto, nuevo o legado)"
"ADIBAC23-8KG","No coincide con formatos generales admitidos (mixto, nuevo o legado)"
"ADIBAC27","No coincide con formatos generales admitidos (mixto, nuevo o legado)"
"ADIBAC31/BLK","No coincide con formatos generales admitidos (mixto, nuevo o legado)"
"ADIBP03/BLK","No coincide con formatos generales admitidos (mixto, nuevo o legado)"
"ADIBP09","No coincide con formatos generales admitidos (mixto, nuevo o legado)"
"ADIBP09-JR","No coincide con formatos generales admitidos (mixto, nuevo o legado)"
"ADIBP10N","No coincide con formatos generales admitidos (mixto, nuevo o legado)"
"ADIBP10N-JR","No coincide con formatos generales admitidos (mixto, nuevo o legado)"
"ADIBP50S-3.5M","No coincide con formatos generales admitidos (mixto, nuevo o legado)"
"ADIBP50S-4.5M","No coincide con formatos generales admitidos (mixto, nuevo o legado)"
"ADIBPKIT03/12OZ","No coincide con formatos generales admitidos (mixto, nuevo o legado)"
"ADIBPKIT07/08OZ","No coincide con formatos generales admitidos (mixto, nuevo o legado)"
"ADIBPKIT07/10OZ","No coincide con formatos generales admitidos (mixto, nuevo o legado)"
"ADIBPKIT07/12OZ","No coincide con formatos generales admitidos (mixto, nuevo o legado)"
"ADIBPKIT07/14OZ","No coincide con formatos generales admitidos (mixto, nuevo o legado)"
"ADIBPKITSMU/14OZ","No coincide con formatos generales admitidos (mixto, nuevo o legado)"
"ADIBTKA02/L","No coincide con formatos generales admitidos (mixto, nuevo o legado)"
"ADIBTKA02/M","No coincide con formatos generales admitidos (mixto, nuevo o legado)"
"ADIBTKK02/XS","No coincide con formatos generales admitidos (mixto, nuevo o legado)"
"ADIBXWJK01/M","No coincide con formatos generales admitidos (mixto, nuevo o legado)"
"ADIBXWSH01/L","No coincide con formatos generales admitidos (mixto, nuevo o legado)"
"ADIBXWTHJ01/L","No coincide con formatos generales admitidos (mixto, nuevo o legado)"
"ADIBXWTSH01/XL","No coincide con formatos generales admitidos (mixto, nuevo o legado)"
"ADICSG041/L","No coincide con formatos generales admitidos (mixto, nuevo o legado)"
"ADICSG041/M","No coincide con formatos generales admitidos (mixto, nuevo o legado)"
"ADICSG041/S","No coincide con formatos generales admitidos (mixto, nuevo o legado)"
"ADICSG041/XL","No coincide con formatos generales admitidos (mixto, nuevo o legado)"
"ADICSG041M/L","No coincide con formatos generales admitidos (mixto, nuevo o legado)"
"ADICSG041M/M","No coincide con formatos generales admitidos (mixto, nuevo o legado)"
"ADICSG041M/S","No coincide con formatos generales admitidos (mixto, nuevo o legado)"
"ADICSG041M/XL","No coincide con formatos generales admitidos (mixto, nuevo o legado)"
"ADICSJ02KB-WHT/BLK/L","No coincide con formatos generales admitidos (mixto, nuevo o legado)"
"ADICSJ02KB-WHT/BLK/M","No coincide con formatos generales admitidos (mixto, nuevo o legado)"
"ADICSJ02KB-WHT/BLK/S","No coincide con formatos generales admitidos (mixto, nuevo o legado)"
"ADICSJ02KB-WHT/BLK/XL","No coincide con formatos generales admitidos (mixto, nuevo o legado)"
"ADICSL04KB-BLK/WHT/XL","No coincide con formatos generales admitidos (mixto, nuevo o legado)"
"ADICSL05KB-BLK/WHT/L","No coincide con formatos generales admitidos (mixto, nuevo o legado)"
"ADICSL05KB-BLK/WHT/M","No coincide con formatos generales admitidos (mixto, nuevo o legado)"
"ADICSTS01KB-BLK/WHT/S","No coincide con formatos generales admitidos (mixto, nuevo o legado)"
"ADICSTS01KB-GREY/BLK/L","No coincide con formatos generales admitidos (mixto, nuevo o legado)"
"ADICSTS01KB-WHT/BLK/L","No coincide con formatos generales admitidos (mixto, nuevo o legado)"
"ADICSTS01KB-WHT/BLK/M","No coincide con formatos generales admitidos (mixto, nuevo o legado)"
"ADICSTS01KB-WHT/BLK/S","No coincide con formatos generales admitidos (mixto, nuevo o legado)"
"ADICSTS01KB-WHT/BLK/XL","No coincide con formatos generales admitidos (mixto, nuevo o legado)"
"ADIEB01-RED/BLU/L","No coincide con formatos generales admitidos (mixto, nuevo o legado)"
"ADIEB01-RED/BLU/M","No coincide con formatos generales admitidos (mixto, nuevo o legado)"
"ADIJRW01","No coincide con formatos generales admitidos (mixto, nuevo o legado)"
"ADIJRW03","No coincide con formatos generales admitidos (mixto, nuevo o legado)"
"ADIJRW05","No coincide con formatos generales admitidos (mixto, nuevo o legado)"
"ADIP01/L","No coincide con formatos generales admitidos (mixto, nuevo o legado)"
"ADIP01/M","No coincide con formatos generales admitidos (mixto, nuevo o legado)"
"ADIP01/S","No coincide con formatos generales admitidos (mixto, nuevo o legado)"
"ADIP01/XL","No coincide con formatos generales admitidos (mixto, nuevo o legado)"
"ADIP03/L","No coincide con formatos generales admitidos (mixto, nuevo o legado)"
"ADIP03/M","No coincide con formatos generales admitidos (mixto, nuevo o legado)"
"ADIP03/S","No coincide con formatos generales admitidos (mixto, nuevo o legado)"
"ADIP03/XL","No coincide con formatos generales admitidos (mixto, nuevo o legado)"
"ADIP03/XS","No coincide con formatos generales admitidos (mixto, nuevo o legado)"
"ADIPFP01M","No coincide con formatos generales admitidos (mixto, nuevo o legado)"
"ADIPHG01/L","No coincide con formatos generales admitidos (mixto, nuevo o legado)"
"ADIPHG01/M","No coincide con formatos generales admitidos (mixto, nuevo o legado)"
"ADIPHG01/S","No coincide con formatos generales admitidos (mixto, nuevo o legado)"
"ADIPHG01/XL","No coincide con formatos generales admitidos (mixto, nuevo o legado)"
"ADIPHG01M/WHT/BLK-L","No coincide con formatos generales admitidos (mixto, nuevo o legado)"
"ADIPHG01M/WHT/BLK-M","No coincide con formatos generales admitidos (mixto, nuevo o legado)"
"ADIPHG01M/WHT/BLK-XL","No coincide con formatos generales admitidos (mixto, nuevo o legado)"
"ADIPHG01PRO/L","No coincide con formatos generales admitidos (mixto, nuevo o legado)"
"ADIPHG01PRO/M","No coincide con formatos generales admitidos (mixto, nuevo o legado)"
"ADIPHG01PRO/S","No coincide con formatos generales admitidos (mixto, nuevo o legado)"
"ADIPHG01PRO/XL","No coincide con formatos generales admitidos (mixto, nuevo o legado)"
"ADIPKID/L","No coincide con formatos generales admitidos (mixto, nuevo o legado)"
"ADIPKID/M","No coincide con formatos generales admitidos (mixto, nuevo o legado)"
"ADIPKID/S","No coincide con formatos generales admitidos (mixto, nuevo o legado)"
"ADIPKID/XL","No coincide con formatos generales admitidos (mixto, nuevo o legado)"
"ADIPKID/XS","No coincide con formatos generales admitidos (mixto, nuevo o legado)"
"ADIPKID/XXS","No coincide con formatos generales admitidos (mixto, nuevo o legado)"
"ADIPT01","No coincide con formatos generales admitidos (mixto, nuevo o legado)"
"ADISBG175/12OZ","No coincide con formatos generales admitidos (mixto, nuevo o legado)"
"ADISBG175/14OZ","No coincide con formatos generales admitidos (mixto, nuevo o legado)"
"ADISBG750-10OZ","No coincide con formatos generales admitidos (mixto, nuevo o legado)"
"ADISBP01","No coincide con formatos generales admitidos (mixto, nuevo o legado)"
"ADISBP022S-BLK/BLK/S","No coincide con formatos generales admitidos (mixto, nuevo o legado)"
"ADISBP022S-BLK/BLK/XL","No coincide con formatos generales admitidos (mixto, nuevo o legado)"
"ADISBP022S-BLK/BLK/XS","No coincide con formatos generales admitidos (mixto, nuevo o legado)"
"ADISBP022S-RED/BLK/L","No coincide con formatos generales admitidos (mixto, nuevo o legado)"
"ADISBP022S-RED/BLK/M","No coincide con formatos generales admitidos (mixto, nuevo o legado)"
"ADISBP022S-RED/BLK/S","No coincide con formatos generales admitidos (mixto, nuevo o legado)"
"ADISBP022S-RED/BLK/XL","No coincide con formatos generales admitidos (mixto, nuevo o legado)"
"ADISBP022S-RED/BLK/XS","No coincide con formatos generales admitidos (mixto, nuevo o legado)"
"ADISBP022S-ROY/BLK/L","No coincide con formatos generales admitidos (mixto, nuevo o legado)"
"ADISBP022S-ROY/BLK/M","No coincide con formatos generales admitidos (mixto, nuevo o legado)"
"ADISBP022S-ROY/BLK/S","No coincide con formatos generales admitidos (mixto, nuevo o legado)"
"ADISBP022S-ROY/BLK/XL","No coincide con formatos generales admitidos (mixto, nuevo o legado)"
"ADISBP022S-ROY/BLK/XS","No coincide con formatos generales admitidos (mixto, nuevo o legado)"
"ADISP300DB","No coincide con formatos generales admitidos (mixto, nuevo o legado)"
"ADISP550FM-BLK/GLD/SIL","No coincide con formatos generales admitidos (mixto, nuevo o legado)"
"ADISS01CS/L","No coincide con formatos generales admitidos (mixto, nuevo o legado)"
"ADISS01CS/XL","No coincide con formatos generales admitidos (mixto, nuevo o legado)"
"ADISS01CS/XXL","No coincide con formatos generales admitidos (mixto, nuevo o legado)"
"ADISSS01","No coincide con formatos generales admitidos (mixto, nuevo o legado)"
"ADITAP01/XL","No coincide con formatos generales admitidos (mixto, nuevo o legado)"
"ADITAP01/XXL","No coincide con formatos generales admitidos (mixto, nuevo o legado)"
"ADITC03ECO/150","No coincide con formatos generales admitidos (mixto, nuevo o legado)"
"ADITC03ECO/160","No coincide con formatos generales admitidos (mixto, nuevo o legado)"
"ADITC03ECO/170","No coincide con formatos generales admitidos (mixto, nuevo o legado)"
"ADITC03ECO/180","No coincide con formatos generales admitidos (mixto, nuevo o legado)"
"ADITC03ECO/190","No coincide con formatos generales admitidos (mixto, nuevo o legado)"
"ADITC03ECO/200","No coincide con formatos generales admitidos (mixto, nuevo o legado)"
"ADITHK01/BLK","No coincide con formatos generales admitidos (mixto, nuevo o legado)"
"ADITKP01/S","No coincide con formatos generales admitidos (mixto, nuevo o legado)"
"ADITKP01/XS","No coincide con formatos generales admitidos (mixto, nuevo o legado)"
"ADITKP01/XXS","No coincide con formatos generales admitidos (mixto, nuevo o legado)"
"ADITP300/12OZ","No coincide con formatos generales admitidos (mixto, nuevo o legado)"
"ADITP300/14OZ","No coincide con formatos generales admitidos (mixto, nuevo o legado)"
"ADITP300/16OZ","No coincide con formatos generales admitidos (mixto, nuevo o legado)"
"ADIWAKOEB01/RED/BLU-L","No coincide con formatos generales admitidos (mixto, nuevo o legado)"
"ADIWAKOEB01/RED/BLU-M","No coincide con formatos generales admitidos (mixto, nuevo o legado)"
"ADIWAKOEB01/RED/BLU-S","No coincide con formatos generales admitidos (mixto, nuevo o legado)"
"ADIWAKOEB01/RED/BLU-XL","No coincide con formatos generales admitidos (mixto, nuevo o legado)"
"BOXINGSHORT/GO/YE(M)","No coincide con formatos generales admitidos (mixto, nuevo o legado)"
"BOXINGSHORT/GO/YE(S)","No coincide con formatos generales admitidos (mixto, nuevo o legado)"
"BOXINGSHORT/RED(L)","No coincide con formatos generales admitidos (mixto, nuevo o legado)"
"BP-01","No coincide con formatos generales admitidos (mixto, nuevo o legado)"
"EU-VENUM-0003/L","EU-VENUM invalido (esperado: EU-VENUM-<3|4 digitos>-<3 digitos>[-/TALLA])"
"EU-VENUM-0003/M","EU-VENUM invalido (esperado: EU-VENUM-<3|4 digitos>-<3 digitos>[-/TALLA])"
"EU-VENUM-0003/S","EU-VENUM invalido (esperado: EU-VENUM-<3|4 digitos>-<3 digitos>[-/TALLA])"
"EU-VENUM-0003/XL","EU-VENUM invalido (esperado: EU-VENUM-<3|4 digitos>-<3 digitos>[-/TALLA])"
"EU-VENUM-0003/XXL","EU-VENUM invalido (esperado: EU-VENUM-<3|4 digitos>-<3 digitos>[-/TALLA])"
"EU-VENUM-0004/XL","EU-VENUM invalido (esperado: EU-VENUM-<3|4 digitos>-<3 digitos>[-/TALLA])"
"EU-VENUM-0173/BLU","EU-VENUM invalido (esperado: EU-VENUM-<3|4 digitos>-<3 digitos>[-/TALLA])"
"EU-VENUM-0181","EU-VENUM invalido (esperado: EU-VENUM-<3|4 digitos>-<3 digitos>[-/TALLA])"
"EU-VENUM-0429/BLK","EU-VENUM invalido (esperado: EU-VENUM-<3|4 digitos>-<3 digitos>[-/TALLA])"
"EU-VENUM-0429/BLUE","EU-VENUM invalido (esperado: EU-VENUM-<3|4 digitos>-<3 digitos>[-/TALLA])"
"EU-VENUM-0429/RED","EU-VENUM invalido (esperado: EU-VENUM-<3|4 digitos>-<3 digitos>[-/TALLA])"
"EU-VENUM-0430/BLUE","EU-VENUM invalido (esperado: EU-VENUM-<3|4 digitos>-<3 digitos>[-/TALLA])"
"EU-VENUM-0430/RED","EU-VENUM invalido (esperado: EU-VENUM-<3|4 digitos>-<3 digitos>[-/TALLA])"
"EU-VENUM-0430/WHT","EU-VENUM invalido (esperado: EU-VENUM-<3|4 digitos>-<3 digitos>[-/TALLA])"
"EU-VENUM-0620","EU-VENUM invalido (esperado: EU-VENUM-<3|4 digitos>-<3 digitos>[-/TALLA])"
"EU-VENUM-0773/L","EU-VENUM invalido (esperado: EU-VENUM-<3|4 digitos>-<3 digitos>[-/TALLA])"
"EU-VENUM-0773/M","EU-VENUM invalido (esperado: EU-VENUM-<3|4 digitos>-<3 digitos>[-/TALLA])"
"EU-VENUM-0773/XL","EU-VENUM invalido (esperado: EU-VENUM-<3|4 digitos>-<3 digitos>[-/TALLA])"
"EU-VENUM-1062/L","EU-VENUM invalido (esperado: EU-VENUM-<3|4 digitos>-<3 digitos>[-/TALLA])"
"EU-VENUM-1062/M","EU-VENUM invalido (esperado: EU-VENUM-<3|4 digitos>-<3 digitos>[-/TALLA])"
"EU-VENUM-1062/XL","EU-VENUM invalido (esperado: EU-VENUM-<3|4 digitos>-<3 digitos>[-/TALLA])"
"EU-VENUM-1110-8oz","EU-VENUM invalido (esperado: EU-VENUM-<3|4 digitos>-<3 digitos>[-/TALLA])"
"EU-VENUM-1120","EU-VENUM invalido (esperado: EU-VENUM-<3|4 digitos>-<3 digitos>[-/TALLA])"
"EU-VENUM-1238/XL","EU-VENUM invalido (esperado: EU-VENUM-<3|4 digitos>-<3 digitos>[-/TALLA])"
"EU-VENUM-1324/L","EU-VENUM invalido (esperado: EU-VENUM-<3|4 digitos>-<3 digitos>[-/TALLA])"
"EU-VENUM-1324/XXL","EU-VENUM invalido (esperado: EU-VENUM-<3|4 digitos>-<3 digitos>[-/TALLA])"
"EU-VENUM-1392-10oz/PNK","EU-VENUM invalido (esperado: EU-VENUM-<3|4 digitos>-<3 digitos>[-/TALLA])"
"EU-VENUM-1392-12oz/PNK","EU-VENUM invalido (esperado: EU-VENUM-<3|4 digitos>-<3 digitos>[-/TALLA])"
"EU-VENUM-1392-14oz/PNK","EU-VENUM invalido (esperado: EU-VENUM-<3|4 digitos>-<3 digitos>[-/TALLA])"
"EU-VENUM-1392-16oz/PNK","EU-VENUM invalido (esperado: EU-VENUM-<3|4 digitos>-<3 digitos>[-/TALLA])"
"EU-VENUM-1392/12OZ-BLK","EU-VENUM invalido (esperado: EU-VENUM-<3|4 digitos>-<3 digitos>[-/TALLA])"
"EU-VENUM-1392/14OZ-BLK","EU-VENUM invalido (esperado: EU-VENUM-<3|4 digitos>-<3 digitos>[-/TALLA])"
"EU-VENUM-1392/16OZ-BLK","EU-VENUM invalido (esperado: EU-VENUM-<3|4 digitos>-<3 digitos>[-/TALLA])"
"EU-VENUM-2015/L","EU-VENUM invalido (esperado: EU-VENUM-<3|4 digitos>-<3 digitos>[-/TALLA])"
"EU-VENUM-2015/M","EU-VENUM invalido (esperado: EU-VENUM-<3|4 digitos>-<3 digitos>[-/TALLA])"
"EU-VENUM-2015/S","EU-VENUM invalido (esperado: EU-VENUM-<3|4 digitos>-<3 digitos>[-/TALLA])"
"EU-VENUM-2015/XL","EU-VENUM invalido (esperado: EU-VENUM-<3|4 digitos>-<3 digitos>[-/TALLA])"
"EU-VENUM-2015/XXL","EU-VENUM invalido (esperado: EU-VENUM-<3|4 digitos>-<3 digitos>[-/TALLA])"
"FWB-001","No coincide con formatos generales admitidos (mixto, nuevo o legado)"
"FX0561/42","No coincide con formatos generales admitidos (mixto, nuevo o legado)"
"FX0561/42.7","No coincide con formatos generales admitidos (mixto, nuevo o legado)"
"FX0561/43.3","No coincide con formatos generales admitidos (mixto, nuevo o legado)"
"FX0561/44","No coincide con formatos generales admitidos (mixto, nuevo o legado)"
"FX0561/44.7","No coincide con formatos generales admitidos (mixto, nuevo o legado)"
"FX0561/45.3","No coincide con formatos generales admitidos (mixto, nuevo o legado)"
"FX0561/46","No coincide con formatos generales admitidos (mixto, nuevo o legado)"
"FX0561/46.7","No coincide con formatos generales admitidos (mixto, nuevo o legado)"
"GZ6116/42","No coincide con formatos generales admitidos (mixto, nuevo o legado)"
"GZ6116/44.7","No coincide con formatos generales admitidos (mixto, nuevo o legado)"
"GZ6116/45.3","No coincide con formatos generales admitidos (mixto, nuevo o legado)"
"GZ6116/46","No coincide con formatos generales admitidos (mixto, nuevo o legado)"
"HG-12PA2","No coincide con formatos generales admitidos (mixto, nuevo o legado)"
"IH2732/40.7","No coincide con formatos generales admitidos (mixto, nuevo o legado)"
"IH2732/41.3","No coincide con formatos generales admitidos (mixto, nuevo o legado)"
"IH2732/42","No coincide con formatos generales admitidos (mixto, nuevo o legado)"
"IH2732/42.7","No coincide con formatos generales admitidos (mixto, nuevo o legado)"
"IH2732/43.3","No coincide con formatos generales admitidos (mixto, nuevo o legado)"
"IR97748","No coincide con formatos generales admitidos (mixto, nuevo o legado)"
"J350BP/120","No coincide con formatos generales admitidos (mixto, nuevo o legado)"
"J350BP/130","No coincide con formatos generales admitidos (mixto, nuevo o legado)"
"J350BP/180","No coincide con formatos generales admitidos (mixto, nuevo o legado)"
"J350BP/190","No coincide con formatos generales admitidos (mixto, nuevo o legado)"
"J350BR/120","No coincide con formatos generales admitidos (mixto, nuevo o legado)"
"J350BR/130","No coincide con formatos generales admitidos (mixto, nuevo o legado)"
"J350BR/140","No coincide con formatos generales admitidos (mixto, nuevo o legado)"
"J350BR/150","No coincide con formatos generales admitidos (mixto, nuevo o legado)"
"J350BR/160","No coincide con formatos generales admitidos (mixto, nuevo o legado)"
"J350BR/180","No coincide con formatos generales admitidos (mixto, nuevo o legado)"
"J350BR/190","No coincide con formatos generales admitidos (mixto, nuevo o legado)"
"J350BR/200","No coincide con formatos generales admitidos (mixto, nuevo o legado)"
"J350P/120","No coincide con formatos generales admitidos (mixto, nuevo o legado)"
"J350P/130","No coincide con formatos generales admitidos (mixto, nuevo o legado)"
"J350P/140","No coincide con formatos generales admitidos (mixto, nuevo o legado)"
"J350P/150","No coincide con formatos generales admitidos (mixto, nuevo o legado)"
"J350P/180","No coincide con formatos generales admitidos (mixto, nuevo o legado)"
"J350P/190","No coincide con formatos generales admitidos (mixto, nuevo o legado)"
"J350R/120","No coincide con formatos generales admitidos (mixto, nuevo o legado)"
"J350R/130","No coincide con formatos generales admitidos (mixto, nuevo o legado)"
"J350R/140","No coincide con formatos generales admitidos (mixto, nuevo o legado)"
"J350R/150","No coincide con formatos generales admitidos (mixto, nuevo o legado)"
"J350R/160","No coincide con formatos generales admitidos (mixto, nuevo o legado)"
"J350R/190","No coincide con formatos generales admitidos (mixto, nuevo o legado)"
"J350R/200","No coincide con formatos generales admitidos (mixto, nuevo o legado)"
"JR-01A","No coincide con formatos generales admitidos (mixto, nuevo o legado)"
"JR-10A","No coincide con formatos generales admitidos (mixto, nuevo o legado)"
"JR32/BLUE","No coincide con formatos generales admitidos (mixto, nuevo o legado)"
"JR32/GRN","No coincide con formatos generales admitidos (mixto, nuevo o legado)"
"JR32/PNK","No coincide con formatos generales admitidos (mixto, nuevo o legado)"
"JR32/YEL","No coincide con formatos generales admitidos (mixto, nuevo o legado)"
"JR46-ORG","No coincide con formatos generales admitidos (mixto, nuevo o legado)"
"JR46-RED","No coincide con formatos generales admitidos (mixto, nuevo o legado)"
"JR46-YELL","No coincide con formatos generales admitidos (mixto, nuevo o legado)"
"JS-306","No coincide con formatos generales admitidos (mixto, nuevo o legado)"
"JS-316","No coincide con formatos generales admitidos (mixto, nuevo o legado)"
"JS-319","No coincide con formatos generales admitidos (mixto, nuevo o legado)"
"JS-608","No coincide con formatos generales admitidos (mixto, nuevo o legado)"
"JS-609","No coincide con formatos generales admitidos (mixto, nuevo o legado)"
"K220C/120","No coincide con formatos generales admitidos (mixto, nuevo o legado)"
"K220C/130","No coincide con formatos generales admitidos (mixto, nuevo o legado)"
"K220C/140","No coincide con formatos generales admitidos (mixto, nuevo o legado)"
"K220C/150","No coincide con formatos generales admitidos (mixto, nuevo o legado)"
"K220C/160","No coincide con formatos generales admitidos (mixto, nuevo o legado)"
"K220C/170","No coincide con formatos generales admitidos (mixto, nuevo o legado)"
"K220C/180","No coincide con formatos generales admitidos (mixto, nuevo o legado)"
"K220C/190","No coincide con formatos generales admitidos (mixto, nuevo o legado)"
"K220C/200","No coincide con formatos generales admitidos (mixto, nuevo o legado)"
"K220DNAKIT/140","No coincide con formatos generales admitidos (mixto, nuevo o legado)"
"K220DNAKIT/150","No coincide con formatos generales admitidos (mixto, nuevo o legado)"
"K220DNAKIT/160","No coincide con formatos generales admitidos (mixto, nuevo o legado)"
"K220DNAKIT/165","No coincide con formatos generales admitidos (mixto, nuevo o legado)"
"K220DNAKIT/170","No coincide con formatos generales admitidos (mixto, nuevo o legado)"
"K220DNAKIT/175","No coincide con formatos generales admitidos (mixto, nuevo o legado)"
"K220DNAKIT/180","No coincide con formatos generales admitidos (mixto, nuevo o legado)"
"K220DNAKIT/185","No coincide con formatos generales admitidos (mixto, nuevo o legado)"
"K220DNAKIT/190","No coincide con formatos generales admitidos (mixto, nuevo o legado)"
"K240B/140","No coincide con formatos generales admitidos (mixto, nuevo o legado)"
"K240B/150","No coincide con formatos generales admitidos (mixto, nuevo o legado)"
"K240B/160","No coincide con formatos generales admitidos (mixto, nuevo o legado)"
"K240B/170","No coincide con formatos generales admitidos (mixto, nuevo o legado)"
"K240B/180","No coincide con formatos generales admitidos (mixto, nuevo o legado)"
"K240B/190","No coincide con formatos generales admitidos (mixto, nuevo o legado)"
"K300/130","No coincide con formatos generales admitidos (mixto, nuevo o legado)"
"K300/140","No coincide con formatos generales admitidos (mixto, nuevo o legado)"
"K300/150","No coincide con formatos generales admitidos (mixto, nuevo o legado)"
"K300/160","No coincide con formatos generales admitidos (mixto, nuevo o legado)"
"K300/165","No coincide con formatos generales admitidos (mixto, nuevo o legado)"
"K300/170","No coincide con formatos generales admitidos (mixto, nuevo o legado)"
"K300/175","No coincide con formatos generales admitidos (mixto, nuevo o legado)"
"K300/180","No coincide con formatos generales admitidos (mixto, nuevo o legado)"
"K300/185","No coincide con formatos generales admitidos (mixto, nuevo o legado)"
"K300/190","No coincide con formatos generales admitidos (mixto, nuevo o legado)"
"K300/200","No coincide con formatos generales admitidos (mixto, nuevo o legado)"
"K300WS/120","No coincide con formatos generales admitidos (mixto, nuevo o legado)"
"K300WS/130","No coincide con formatos generales admitidos (mixto, nuevo o legado)"
"K300WS/140","No coincide con formatos generales admitidos (mixto, nuevo o legado)"
"K300WS/160","No coincide con formatos generales admitidos (mixto, nuevo o legado)"
"K300WS/165","No coincide con formatos generales admitidos (mixto, nuevo o legado)"
"K300WS/170","No coincide con formatos generales admitidos (mixto, nuevo o legado)"
"K300WS/175","No coincide con formatos generales admitidos (mixto, nuevo o legado)"
"K300WS/180","No coincide con formatos generales admitidos (mixto, nuevo o legado)"
"K300WS/185","No coincide con formatos generales admitidos (mixto, nuevo o legado)"
"K300WS/190","No coincide con formatos generales admitidos (mixto, nuevo o legado)"
"K300WS/200","No coincide con formatos generales admitidos (mixto, nuevo o legado)"
"K999/160","No coincide con formatos generales admitidos (mixto, nuevo o legado)"
"K999/165","No coincide con formatos generales admitidos (mixto, nuevo o legado)"
"K999/170","No coincide con formatos generales admitidos (mixto, nuevo o legado)"
"K999/175","No coincide con formatos generales admitidos (mixto, nuevo o legado)"
"K999/180","No coincide con formatos generales admitidos (mixto, nuevo o legado)"
"K999/185","No coincide con formatos generales admitidos (mixto, nuevo o legado)"
"K999/190","No coincide con formatos generales admitidos (mixto, nuevo o legado)"
"K999/200","No coincide con formatos generales admitidos (mixto, nuevo o legado)"
"K999KIT/150","No coincide con formatos generales admitidos (mixto, nuevo o legado)"
"K999KIT/160","No coincide con formatos generales admitidos (mixto, nuevo o legado)"
"K999KIT/165","No coincide con formatos generales admitidos (mixto, nuevo o legado)"
"K999KIT/170","No coincide con formatos generales admitidos (mixto, nuevo o legado)"
"K999KIT/175","No coincide con formatos generales admitidos (mixto, nuevo o legado)"
"K999KIT/180","No coincide con formatos generales admitidos (mixto, nuevo o legado)"
"K999KIT/185","No coincide con formatos generales admitidos (mixto, nuevo o legado)"
"K999KIT/190","No coincide con formatos generales admitidos (mixto, nuevo o legado)"
"K999ST/150","No coincide con formatos generales admitidos (mixto, nuevo o legado)"
"K999ST/160","No coincide con formatos generales admitidos (mixto, nuevo o legado)"
"K999ST/165","No coincide con formatos generales admitidos (mixto, nuevo o legado)"
"K999ST/170","No coincide con formatos generales admitidos (mixto, nuevo o legado)"
"K999ST/175","No coincide con formatos generales admitidos (mixto, nuevo o legado)"
"K999ST/180","No coincide con formatos generales admitidos (mixto, nuevo o legado)"
"K999ST/185","No coincide con formatos generales admitidos (mixto, nuevo o legado)"
"K999ST/190","No coincide con formatos generales admitidos (mixto, nuevo o legado)"
"MFSB1","No coincide con formatos generales admitidos (mixto, nuevo o legado)"
"MFSB12","No coincide con formatos generales admitidos (mixto, nuevo o legado)"
"MFSB13","No coincide con formatos generales admitidos (mixto, nuevo o legado)"
"MFSB15","No coincide con formatos generales admitidos (mixto, nuevo o legado)"
"MFSB2","No coincide con formatos generales admitidos (mixto, nuevo o legado)"
"MFSB3","No coincide con formatos generales admitidos (mixto, nuevo o legado)"
"MFSB4","No coincide con formatos generales admitidos (mixto, nuevo o legado)"
"MFSB5","No coincide con formatos generales admitidos (mixto, nuevo o legado)"